"genus","species","family","habitat","repo","W","Traup","D","Delta","Gamma","expansion","T.centerline","tan.lead","tan.beta","sin.beta","cot.spiral"
"Haliotis","gigantea","Haliotidae","M","SPMN",16.815,0.696,-0.184,1.136,-0.138,0.449178435333957,1.392,0.570359962846594,0.718390804597701,0.58344367945065,0.769874541715641
"Haliotis","diversicolor aquatilis","Haliotidae","M","SUM",11.907,0.449,-0.241,1.102,0.088,0.394246921165688,0.898,0.329361406064296,1.11358574610245,0.74403361450759,0.529877835461245
"Perotrochus","hirasei","Pleurotomariodae","M","SPMN",1.68,1.256,0.016,0.902,0.056,0.0825685966674195,2.512,0.206708885239215,0.398089171974522,0.369859717804462,0.223243009964854
"Perotrochus","africanus westralis","Pleurotomariodae","M","SPMN",1.929,1.146,0.003,0.9,-0.1,0.104565073573886,2.292,0.238363574974516,0.43630017452007,0.399895592892397,0.261480935105034
"Chlorostoma","xanthostigma","Trochidae","M","UMUT",2.127,1.192,-0.655,1.086,-0.567,0.120116230752532,2.384,0.284313415193272,0.419463087248322,0.386811567770304,0.310529055387141
"Chlorostoma","xanthostigma","Trochidae","M","UMUT",1.893,1.308,-0.231,1.102,-0.166,0.101566775612678,2.616,0.264338749070918,0.382262996941896,0.357064165957005,0.284449646019388
"Granata","lyrata","Trochidae","M","UMUT",2.826,1.261,-0.321,0.798,0.286,0.165340067732088,2.522,0.411402244864805,0.396510705789056,0.368592771095912,0.448571108002183
"Euchelus","atrata","Trochidae","M","UMUT",2.296,1.437,-0.175,0.883,-0.409,0.132284571888652,2.874,0.376902414861894,0.34794711203897,0.328622590238595,0.402542539125528
"Cittarium","pica","Trochidae","M","UMUT",2.142,1.417,-0.248,0.965,-0.206,0.121234681898549,2.834,0.341081648644444,0.352858151023289,0.332750495185971,0.364341101373245
"Lischkeia","alwinae","Trochidae","M","SPMN",1.678,1.354,-0.165,1.03,-0.408,0.0823790136276209,2.708,0.222329247773232,0.369276218611521,0.34641160258904,0.237806739185206
"Trochus","erythraeus","Trochidae","M","SPMN",1.611,1.434,-0.16,1.103,-0.38,0.0758938469712092,2.868,0.217039390608207,0.348675034867504,0.329235632796242,0.230515288781572
"Trochus","maculatus","Trochidae","M","UMUT",1.441,1.917,-0.274,1.183,-0.131,0.0581452398992476,3.834,0.222552956031124,0.260824204486176,0.252380801284446,0.230386937529828
"Tectus","conus","Trochidae","M","SPMN",1.465,2.092,-0.151,1.067,-0.279,0.0607741493845005,4.184,0.253810748387112,0.239005736137667,0.232458489130758,0.261440868912793
"Tectus","triserialis","Trochidae","M","SUM",1.402,2.054,0.059,1.012,-0.147,0.0537784216273697,4.108,0.220602981365954,0.243427458617332,0.236520565439074,0.227373131497196
"Tegula","regina","Trochidae","M","SPMN",1.693,1.626,0.019,1.309,0.517,0.0837954122647604,3.252,0.271550977571202,0.30750307503075,0.293920613395462,0.285095391223942
"Bankivia","fasciata","Trochidae","M","UMUT",1.425,4.146,-0.078,0.42,-0.112,0.0563681948574577,8.292,0.466664276409897,0.120598166907863,0.119730633604375,0.470791752791641
"Monodonta","turbinata","Trochidae","M","UMUT",1.857,1.56,-0.181,0.922,-0.462,0.0985109068267175,3.12,0.305873453668031,0.32051282051282,0.305218682064767,0.3227551674108
"Fossarina","petterdi","Trochidae","M","UMUT",4.377,0.962,0.059,0.733,-0.63,0.234970558089663,1.924,0.440097425077433,0.51975051975052,0.461178478948606,0.50950026684972
"Stomatia","phymotis","Trochidae","M","UMUT",5.293,2.259,-0.091,0.483,-0.415,0.265213440541333,4.518,1.15819383708049,0.221336874723329,0.216106632947704,1.22723415252836
"Calliostoma","granulatum","Trochidae","M","SPMN",1.746,1.512,-0.081,0.797,-0.429,0.0887014197688187,3.024,0.26718405845438,0.330687830687831,0.313966310821091,0.282518909550662
"Umbonium","giganteum","Trochidae","M","UMUT",1.91,0.96,0.172,0.778,-0.192,0.102989679664408,1.92,0.196699751860551,0.520833333333333,0.461934418836969,0.222953032864944
"Liotina","peronii","Turbinidae","M","UMUT",2.344,NA,-0.331,0.441,-0.319,0.13557755025009,NA,NA,NA,NA,NA
"Cookia","sulcata","Turbinidae","M","UMUT",1.734,1.271,-0.141,0.897,0.06,0.0876037951211452,2.542,0.221839229906367,0.3933910306845,0.366082733359771,0.239300538206624
"Astraea","undosa","Turbinidae","M","SPMN",1.878,1.413,0.082,1.041,-0.483,0.1003006198251,2.826,0.282034438354715,0.353857041755131,0.333587772512095,0.300672350997107
"Angaria","delphinus","Turbinidae","M","UMUT",2.494,0.998,0.047,0.535,-0.291,0.145449768322697,1.996,0.287294691674243,0.501002004008016,0.447930140156879,0.324715296612449
"Angaria","delphinus","Turbinidae","M","SPMN",2.388,0.679,0.087,0.303,-0.201,0.138537406263621,1.358,0.1863539869538,0.736377025036819,0.592956292894354,0.233638478794768
"Angaria","neglecta","Turbinidae","M","UMUT",2.344,0.998,0.002,0.656,-0.466,0.13557755025009,1.996,0.268159456835108,0.501002004008016,0.447930140156879,0.302675658759212
"Turbo","cornutus","Turbinidae","M","SUM",2.039,1.463,-0.282,0.632,-0.375,0.113391449839656,2.926,0.329670760533969,0.341763499658236,0.32339814938549,0.35062491871125
"Turbo","petholatus","Turbinidae","M","SPMN",2.292,1.331,-0.051,0.516,-0.378,0.132007056660375,2.662,0.348380479281874,0.375657400450789,0.351662920927523,0.375379514883748
"Astralium","haematragum","Turbinidae","M","SUM",1.542,1.899,-0.013,1.07,-0.244,0.0689268665443102,3.798,0.261164589127148,0.263296471827278,0.254618627554999,0.270706299873608
"Astralium","haematragum","Turbinidae","M","SUM",1.833,1.357,0.016,1.015,-0.129,0.0964405694298343,2.714,0.260530938628359,0.368459837877671,0.345737402580163,0.278941672813295
"Guildfordia","triumphans","Turbinidae","M","SUM",2.102,0.888,0.157,0.684,-0.182,0.118234499881117,1.776,0.208531955008783,0.563063063063063,0.49063390186629,0.240983143299663
"Phasianella","australis","Turbinidae","M","UMUT",1.724,2.455,-0.145,0.411,-0.417,0.0866832897032579,4.91,0.424024873906119,0.203665987780041,0.199568997239386,0.434352484114956
"Phasianella","australis","Turbinidae","M","SPMN",1.689,2.805,-0.041,0.274,-0.03,0.0834189367655208,5.61,0.466360412806195,0.17825311942959,0.17548694443027,0.475356939152059
"Nerita","albicilla","Neritidae","M","SUM",19.372,0.189,-0.021,-0.006,-0.211,0.471707991988445,0.378,0.161264622031178,2.64550264550265,0.935403355768626,0.504282980255977
"Nerita","costata","Neritidae","M","SPMN",4.819,1.013,-0.283,0.634,-0.758,0.250281721893715,2.026,0.49189827915864,0.493583415597236,0.442604585429884,0.565474760390533
"Nerita","exuvia","Neritidae","M","SPMN",8.479,0.873,-0.048,0.345,-0.209,0.340208415607178,1.746,0.562350967287812,0.572737686139748,0.496995057745687,0.684530782157723
"Nerita","japonica","Neritidae","M","UMUT",3.513,1.044,-0.064,0.696,-0.543,0.199973470756618,2.088,0.409438261533875,0.478927203065134,0.431944528007054,0.462961000291575
"Neritina","cornucopia","Neritidae","M","UMUT",9.654,0.263,-0.031,0.066,-0.153,0.3608635153013,0.526,0.17854461232124,1.90114068441065,0.885033384044629,0.407740003718439
"Lanistes","olivaceus","Ampullariidae","F","UMUT",1.763,2.104,-0.059,0.358,0.296,0.0902435429952737,4.208,0.37820790857347,0.237642585551331,0.231203743937028,0.390320422405673
"Pomacea","canaliculata","Ampullariidae","F","SPMN",2.183,0.563,0.065,0.286,-0.28,0.124252276417143,1.126,0.138840415440777,0.88809946714032,0.664034046929009,0.187117327781276
"Pomacea","depressa","Ampullariidae","F","UMUT",2.487,1.064,0.011,0.218,-0.105,0.145002434319454,2.128,0.305371553722123,0.469924812030075,0.425305402375269,0.340937203030191
"Pomacea","glauca","Ampullariidae","F","UMUT",2.169,1.124,0.05,0.253,-0.154,0.123228298067225,2.248,0.274937586241673,0.444839857651246,0.406440131440424,0.303189297844443
"Cyclopharus","miyakoensis","Cyclophoridae","L","UMUT",2.029,1.096,0.181,0.56,-0.37,0.112608975583641,2.192,0.24528854860208,0.456204379562044,0.415053399556904,0.271312018414638
"Cyclophorus","appendiculayus","Cyclophoridae","L","SPMN",2.339,0.764,0.239,0.332,-0.268,0.13523769331315,1.528,0.20477905420269,0.654450261780105,0.547603411964347,0.24696283908829
"Cyclophorus","turgidus turgidus","Cyclophoridae","L","SPMN",2.027,1.033,0.135,0.561,-0.033,0.112452018033354,2.066,0.230870722233248,0.484027105517909,0.435674802518306,0.258109987962016
"Cyclophorus","zebrinus","Cyclophoridae","L","SPMN",2.062,0.987,0.007,0.657,-0.088,0.115176673966284,1.974,0.225865561568036,0.506585612968592,0.451907257019913,0.254867945086371
"Leptopoma","nitidum","Cyclophoridae","L","UMUT",1.974,1.338,0.088,0.569,-0.26,0.108235219520616,2.676,0.287955677899137,0.373692077727952,0.350049087324778,0.309200119182697
"Pterocyclus","perrieri","Cyclophoridae","L","SHIN",2.441,0.404,0.241,0.795,0.046,0.142031111256754,0.808,0.113620832734729,1.23762376237624,0.777824179735148,0.182600534872953
"Pupinella","rufa","Pupinidae","L","UMUT",1.328,4.363,-0.149,-0.133,-0.664,0.0451481274521853,8.726,0.393561655468409,0.114600045840018,0.113854847005568,0.396541110366407
"Orcula","dolium","Pupinidae","L","UMUT",1.187,4.793,0.215,0.151,-1.052,0.0272837911419936,9.586,0.261445129425385,0.104318798247444,0.103755769382912,0.262961677256737
"Cipangopaludina","chinensis laeta","Viviparidae","F","UMUT",1.969,1.519,-0.057,0.526,-0.102,0.107831580087699,3.038,0.325704225712078,0.32916392363397,0.312661196416183,0.34488315570879
"Heterogen","longispira","Viviparidae","F","UMUT",1.54,2.43,0.037,0.609,-0.396,0.0687203059142875,4.86,0.333194860307096,0.205761316872428,0.201539187653264,0.340977388638266
"Heterogen","longispira","Viviparidae","F","SPMN",1.535,2.412,0.047,0.549,-0.213,0.0682027284074358,4.824,0.328247407767978,0.207296849087894,0.202981463565845,0.336004712988541
"Melantho","poderosa","Viviparidae","F","UMUT",1.763,2.12,-0.041,0.367,-0.182,0.0902435429952737,4.24,0.38108401434209,0.235849056603774,0.229551088101823,0.393130539007699
"Sinotaia","quadrata histrica","Viviparidae","F","SPMN",1.7,2.119,0,0.58,-0.327,0.0844521091007517,4.238,0.356638496805634,0.235960358659745,0.229653705883443,0.36773675728801
"Tulotoma","angulata","Viviparidae","F","UMUT",1.862,1.586,-0.064,0.77,-0.533,0.0989388579936574,3.172,0.312309198753384,0.315258511979823,0.300670859572153,0.329060349028985
"Viviparus","contectoides","Viviparidae","F","SPMN",1.924,NA,0.015,0.364,-0.214,0.104152005750291,NA,NA,NA,NA,NA
"Cerithium","nodulosus","Certhiidae","M","SPMN",1.252,4.863,0.053,-0.333,-0.369,0.0357688436183955,9.726,0.347665440772321,0.102817191034341,0.102278002729597,0.349721764835018
"Rhinoclavis","fasciata","Certhiidae","M","SPMN",1.136,9.584,-0.432,-0.025,-0.109,0.0202943752356395,19.168,0.388922501626885,0.0521702838063439,0.0520994314694149,0.389531606454351
"Rhinoclavis","vertagus","Certhiidae","M","SUM",1.25,4.722,NA,0.088,-0.103,0.0355143992107365,9.444,0.335186671882016,0.105887335874629,0.105298670244653,0.337273007609893
"Turritella","rubescens","Turritellidae","M","SPMN",1.169,9.464,0.023,0.358,-0.479,0.0248518346755595,18.928,0.470250332633181,0.0528317836010144,0.0527582056258099,0.471051552659359
"Turritella","fortilirata","Turritellidae","M","SUM",1.205,6.865,-0.091,0.492,-0.446,0.0296791448645537,13.73,0.407315306299653,0.0728332119446468,0.0726407988008305,0.408574043161739
"Modulus","candidus","Modulidae","M","UMUT",2.402,0.809,-0.201,0.625,-0.14,0.139467750960086,1.618,0.223495654150628,0.618046971569839,0.525739103451777,0.265279394369565
"Planaxis","sulcatus","Modulidae","M","UMUT",1.648,2.487,-0.095,0.495,-0.032,0.0795078303542069,4.974,0.394227856485185,0.201045436268597,0.197101543811263,0.403385122291789
"Quoyia","decollata","Modulidae","M","UMUT",1.535,2.997,-0.183,0.452,-0.554,0.0682027284074358,5.994,0.407859652189316,0.166833500166834,0.16455909669312,0.41445735773954
"Certhidea","obtusa","Potamididae","M","UMUT",1.264,4.57,-0.069,-0.174,-0.393,0.0372870262885547,9.14,0.340566753728327,0.109409190371991,0.108760176995969,0.342837124014029
"Tympanotonus","fuscatus","Potamididae","M","UMUT",1.169,6.431,-0.138,-0.319,0.414,0.0248518346755595,12.862,0.319545634949703,0.0777484061576738,0.0775144788079894,0.320608937294409
"Telebralia","palustris","Potamididae","M","SUM",NA,4.763,0.018,-0.228,-0.187,NA,9.526,NA,0.104975855553223,0.104402179323893,NA
"Anculosa","praerosa","Pleuroceridae","F","UMUT",3.522,1.28,-0.116,0.144,-0.217,0.200380690449375,2.56,0.502976091636351,0.390625,0.363850527140476,0.550722550889727
"Semisulcospira","niponica","Pleuroceridae","F","UMUT",1.414,3.829,-0.063,0.296,-0.179,0.0551348640121334,7.658,0.421582500368597,0.130582397492818,0.129483106306846,0.425807393602964
"Melanoides","tuberculatus","Thiaridae","F","UMUT",1.337,5.027,-0.074,0.366,0.173,0.0462230992595338,10.054,0.464231372022177,0.0994629003381739,0.0989745341733129,0.46702012437455
"Semisulcospira","reticulata","Thiaridae","F","SUM",1.192,6.254,-0.214,0.656,-0.369,0.0279527914674852,12.508,0.349497001101656,0.0799488327470419,0.0796945420259111,0.350749132335774
"Faunus","ater","Thiaridae","F","SPMN",1.235,6.318,-0.176,-0.16,-0.181,0.0335929882314241,12.636,0.424241690776849,0.0791389680278569,0.0788923033273837,0.425808181718582
"Echininus","cumingii spinulosus","Littorinidae","M","UMUT",1.74,1.551,0.021,0.787,-0.058,0.0881535536750017,3.102,0.272395970550141,0.322372662798195,0.306823480829071,0.287310323958261
"Lacuna","vincia","Littorinidae","M","UMUT",2.475,2.052,-0.182,0.549,-0.067,0.144232638656244,4.104,0.58586819282862,0.243664717348928,0.236738178373661,0.60924959230104
"Littorina","littorea","Littorinidae","M","UMUT",2.101,1.656,-0.148,0.597,-0.238,0.118158765907243,3.312,0.388638251186552,0.301932367149758,0.289044576969211,0.40879080710042
"Littorina","undulata","Littorinidae","M","UMUT",1.794,2.419,0.008,0.418,0.122,0.0930177505617693,4.838,0.448085566463089,0.20669698222406,0.202418184628813,0.459532579705434
"Littorina","zebra","Littorinidae","M","SPMN",2.317,1.498,-0.004,0.768,-0.353,0.133733640561275,2.996,0.397130448260741,0.333778371161549,0.316607669861628,0.422395454348034
"Tectarius","coronatus","Littorinidae","M","SPMN",1.612,1.937,-0.18,0.692,-0.472,0.0759926089620246,3.874,0.293548982723068,0.258131130614352,0.249938491457254,0.304045241367
"Rissona","marginata","Rissoidae","M","UMUT",1.714,2.597,-0.118,0.547,-0.208,0.0857574293662619,5.194,0.443795168005102,0.192529842125529,0.189057753150815,0.453604403612326
"Oncomelania","nosophora","Pomatiopsidae","F","UMUT",1.331,5.172,0.286,0.044,-0.244,0.0455072587285069,10.344,0.470240423177533,0.0966744006187162,0.0962257861627383,0.472921662095277
"Assiminea","grayana","Assimineidae","M","UMUT",1.786,2.518,-0.316,0.435,0,0.0923064423695391,5.036,0.462887415271792,0.198570293884035,0.194767558929076,0.473931299838041
"Lambis","chiragra","Strombidae","M","SUM",1.733,1.976,-0.138,0.036,-0.143,0.0875119837871357,3.952,0.344530608623857,0.253036437246964,0.245305141166952,0.356747450831355
"Lambis","lambis","Strombidae","M","UMUT",3.888,1.86,-0.421,0.026,-0.928,0.216115683401311,3.72,0.785808767328046,0.268817204301075,0.259601060869172,0.832491526335574
"Strombus","aurisdianae","Strombidae","M","UMUT",1.641,1.741,-0.217,-0.018,0.195,0.0788303683391264,3.482,0.273638433674798,0.287191269385411,0.276033332344005,0.285582786939965
"Strombus","dentatus","Strombidae","M","UMUT",1.564,2.686,-0.197,0.189,0.159,0.0711815138751463,5.372,0.381422017406417,0.186150409530901,0.183006641269007,0.388955905542873
"Strombus","pipus","Strombidae","M","SPMN",1.824,1.282,0.108,0.192,-0.494,0.0956571965123105,2.564,0.244150570123671,0.390015600624025,0.363357891956708,0.263258893310916
"Strombus","urceas","Strombidae","M","SUM",1.521,2.003,0.036,0.143,0.284,0.0667444922876869,4.006,0.266784856220041,0.249625561657514,0.24219368947009,0.275583118758053
"Strombus","vomer","Strombidae","M","SPMN",1.572,2.054,-0.1,-0.106,0.363,0.0719935306523796,4.108,0.294985945756119,0.243427458617332,0.236520565439074,0.304385923138361
"Tibia","fusus","Strombidae","M","SPMN",1.233,6.785,-0.127,0.271,-0.023,0.0333350385103039,13.57,0.452105346994502,0.0736919675755343,0.073492686517798,0.453583071864315
"Tibia","insulaechorab","Strombidae","M","SUM",1.313,4.348,0.075,-0.127,-0.258,0.043340213921352,8.696,0.376533031214121,0.114995400183993,0.114242512858225,0.379370278515644
"Terebellum","terebellum terebellum","Seraphidae","M","SPMN",2.216,5.396,-0.399,-0.083,0,0.126640188054905,10.792,1.35587159996918,0.0926612305411416,0.0922659745447923,1.37255568674913
"Hipponix","conica","Seraphidae","M","UMUT",46.615,0.285,0.099,-0.177,-0.448,0.611460937394067,0.57,0.297350357492055,1.75438596491228,0.868777270192661,0.703817834988326
"Aporrhais","pespelecani","Aporrhaidae","M","SPMN",1.436,3.177,-0.01,-0.28,-0.241,0.0575920417646357,6.354,0.365334456374782,0.157381177211206,0.155467578735169,0.370444064500039
"Aporrhais","occidentalis","Aporrhaidae","M","UMUT",1.416,3.622,0.004,-0.248,-0.173,0.0553598180327528,7.244,0.40041341582762,0.138045278851463,0.136748454533151,0.404829569897129
"Struthiolaria","papulosa","Struthiolariidae","M","UMUT",1.63,2.563,-0.317,0.288,-0.269,0.077759924454303,5.126,0.397397729742886,0.195083886071011,0.191474368693224,0.406111402716717
"Vanikoro","acuta","Vanikoridae","M","UMUT",3.168,1.125,-0.101,0.597,-0.266,0.183521640311097,2.25,0.406140877892083,0.444444444444444,0.406138466053448,0.451869634744091
"Capulus","ungaricus","Capulidae","M","SPMN",135.702,0.085,0.044,0.105,-0.695,0.78152418957224,0.17,0.104682292244269,5.88235294117647,0.985855846669817,0.79273678014103
"Trichamathina","nobilis","Capulidae","M","UMUT",12.868,0.212,0.159,0.129,-0.458,0.406600073764745,0.424,0.159701882350706,2.35849056603774,0.920662006914248,0.44163881067226
"Trichotropis","bicarinata","Capulidae","M","UMUT",2.731,0.932,-0.018,0.442,-0.272,0.159897853298003,1.864,0.29431097247175,0.536480686695279,0.472746081675468,0.338232001270758
"Crepidula","fornicata","Calyptraeidae","M","UMUT",19.411,0.26,-0.162,0.186,-0.484,0.472028083001147,0.52,0.221968628941631,1.92307692307692,0.887216801234595,0.53203239878269
"Stellaria","exutus","Xenophoridae","M","SUM",2.095,0.815,0.127,0.825,-0.157,0.117703603700664,1.63,0.190541519849817,0.613496932515337,0.522929879778223,0.225084869410374
"Stellaria","solaris","Xenophoridae","M","SPMN",1.932,0.947,0.044,1.333,0.507,0.104812400652551,1.894,0.197433184096485,0.527983104540655,0.466900627973839,0.224485456589327
"Xenophora","pallidula","Xenophoridae","M","UMUT",1.693,1.122,-0.04,1.232,0.165,0.0837954122647604,2.244,0.187380194855405,0.445632798573975,0.40704467502184,0.205862936937486
"Cypraea","mauritiana","Cypraeidae","M","UMUT",6.169,1.613,-0.057,0.213,-0.149,0.28958826793607,3.226,0.897342956993266,0.309981401115933,0.296082563650763,0.978065929872342
"Cypraea","tigris","Cypraeidae","M","UMUT",2.486,0.905,-0.294,0.233,-0.183,0.144938426700215,1.81,0.259625727477538,0.552486187845304,0.483588621328427,0.299714303248218
"Volva","volva volva","Ovulidae","M","UMUT",1.215,3.08,-0.336,0.026,-0.109,0.0309944824593959,6.16,0.190834370676588,0.162337662337662,0.160239949897257,0.193425437784204
"Ovula","ovum","Ovulidae","M","UMUT",2.235,0.764,-0.195,-0.02,0.061,0.127998966884926,1.528,0.193999658407051,0.654450261780105,0.547603411964347,0.233743917748378
"Erato","voluta","Triviidae","M","UMUT",2.271,1.71,-0.175,0.009,-0.22,0.130542109300228,3.42,0.442697887488298,0.292397660818713,0.280646546128205,0.465147749370816
"Cryptonatica","andoi","Naticidae","M","UMUT",2.679,1.16,0.046,0.525,-0.24,0.156838218576243,2.32,0.359470359261697,0.431034482758621,0.395829347571776,0.396226857706158
"Euspira","fortunei","Naticidae","M","SPMN",1.929,1.682,-0.079,0.596,-0.179,0.104565073573886,3.364,0.349849505329088,0.297265160523187,0.284941964998453,0.366969721621922
"Glossaulax","bicolor","Naticidae","M","UMUT",3.493,0.869,0.044,0.713,-0.485,0.199064790337393,1.738,0.339316900791453,0.575373993095512,0.498714722852364,0.399155631898846
"Glossaulax","didyma","Naticidae","M","SUM",3.317,1.047,-0.099,0.812,0.123,0.190836447015941,2.094,0.392527791675601,0.477554918815664,0.43093697572433,0.442840734878176
"Glossaulax","vesicalis","Naticidae","M","SPMN",6.108,1.114,-0.116,0.723,-0.169,0.288006687513834,2.228,0.616614859792018,0.448833034111311,0.409479123657534,0.703348891004044
"Lunatia","lewisi","Naticidae","M","SPMN",2.529,0.993,-0.096,0.665,0.047,0.147667770776653,1.986,0.290122083319759,0.503524672708963,0.449730312381909,0.328347382222379
"Polinices","catena","Naticidae","M","UMUT",2.247,1.312,0.081,0.534,-0.596,0.128851204225681,2.624,0.335333311255642,0.38109756097561,0.356113794270714,0.361825928393353
"Polinices","mammilla","Naticidae","M","SPMN",4.291,1.497,-0.095,0.413,-0.237,0.231812326837643,2.994,0.676117561848969,0.334001336005344,0.31679794519173,0.731735575801625
"Sinum","javanicum","Naticidae","M","UMUT",6.912,0.979,-0.235,0.792,-0.193,0.307687731140554,1.958,0.575812268104473,0.510725229826353,0.454838562756541,0.676476790525012
"Bithynia","tentaculata","Bithyniidae","F","UMUT",1.967,2.01,0.036,0.41,-0.375,0.107669837245433,4.02,0.430345480324345,0.248756218905473,0.241399461295494,0.446023519139653
"Parafossarulus","manchouricus","Bithyniidae","F","UMUT",1.521,2.704,0.053,0.69,-0.461,0.0667444922876869,5.408,0.360152896265097,0.18491124260355,0.181828809346444,0.36707325163482
"Parafossarulus","manchouricus","Bithyniidae","F","UMUT",1.582,3.144,0.031,0.734,-0.185,0.0730027600525059,6.288,0.457823014641923,0.159033078880407,0.157059345825537,0.464810035141736
"Truncatella","marginata","Truncatellidae","L","UMUT",1.216,6.935,-0.016,0.349,0.162,0.0311254203056064,13.87,0.431500613112263,0.0720980533525595,0.0719113932489598,0.432830166394483
"Bufonaria","rana","Bursidae","M","UMUT",1.812,1.625,-0.311,0.228,-0.042,0.0946066650209331,3.25,0.306104829378579,0.307692307692308,0.294085848837523,0.321697441053009
"Bursa","elegans","Bursidae","M","SUM",1.643,1.942,-0.106,0.22,-0.378,0.0790242233485888,3.884,0.305976186091288,0.257466529351184,0.249335037491169,0.316939906014564
"Casmaria","ponderosa ponderosa","Cassidae","M","SPMN",2.018,1.945,0.031,0.221,-0.608,0.11174378720442,3.89,0.431994611543603,0.25706940874036,0.248974315628114,0.448816525200651
"Casmaria","ponderosa ponderosa","Cassidae","M","SPMN",1.958,1.768,-0.398,0.102,-0.259,0.106939953424664,3.536,0.375995814315927,0.282805429864253,0.272132308703719,0.392970441231562
"Cassis","nana","Cassidae","M","SPMN",2.636,0.484,0.036,0.119,-0.843,0.154262936592482,0.968,0.147580852286224,1.03305785123967,0.7185094743054,0.214698542063919
"Cassis","vibex","Cassidae","M","UMUT",NA,1.838,-0.369,0.181,-0.57,NA,3.676,NA,0.272034820457018,0.262495438853258,NA
"Cypraecassis","coarctata","Cassidae","M","SPMN",1.947,0.979,-0.228,0.095,-0.848,0.106043303486325,1.958,0.206475108597867,0.510725229826353,0.454838562756541,0.2331449269465
"Cypraecassis","rufa","Cassidae","M","SPMN",1.461,1.899,-0.388,0.118,-0.596,0.0603390023107155,3.798,0.228751490447268,0.263296471827278,0.254618627554999,0.236977957544296
"Galeodea","rugosa","Cassidae","M","SPMN",2.021,1.177,0.076,0.159,-0.481,0.111980214496859,2.354,0.261964083546167,0.424808836023789,0.390991607182318,0.286400558067844
"Galeodea","rugosa","Cassidae","M","SPMN",1.954,1.486,0.009,0.152,-0.548,0.106614483079966,2.972,0.315072643531313,0.336473755047106,0.318905309924029,0.334313916269894
"Phalium","flammiferum","Cassidae","M","SUM",1.831,1.319,-0.309,0.247,-0.797,0.0962668194747046,2.638,0.252783261762789,0.379075056861259,0.354461888668782,0.271585810921012
"Semicassis","bisulcata pila","Cassidae","M","SUM",1.889,1.576,-0.454,0.095,-0.25,0.101230117754538,3.152,0.317454911584258,0.317258883248731,0.302404703040706,0.334750474237537
"Semicassis","pyrum","Cassidae","M","SPMN",2.094,1.122,-0.162,0.246,-0.702,0.117627616617296,2.244,0.262149021442172,0.445632798573975,0.40704467502184,0.288979622718278
"Ficus","ventricosa","Ficidae","M","UMUT",3.107,1.057,-0.33,0.03,-0.238,0.180427215653741,2.114,0.3753622965749,0.473036896877957,0.42760836964493,0.421945004966955
"Ficus","subintermedia","Ficidae","M","SUM",1.989,1.267,-0.016,0.096,0.015,0.109440031807768,2.534,0.275675057763518,0.394632991318074,0.367082955349101,0.298134332343732
"Eudolium","lineatum","Tonnidae","M","SPMN",1.955,1.663,0.166,0.311,-0.49,0.106695913085883,3.326,0.352867764423692,0.300661455201443,0.287928973724951,0.370563308393569
"Malea","pomum","Tonnidae","M","SPMN",2.12,0.525,0.087,0.145,-0.316,0.119591584832824,1.05,0.124682714218061,0.952380952380952,0.689655172413793,0.173407798007595
"Tonna","perdix","Tonnidae","M","UMUT",2.694,1.505,-0.314,0.435,-0.342,0.157726858199735,3.01,0.468960337135902,0.332225913621262,0.315281763556833,0.50027269709592
"Tonna","luteostoma","Tonnidae","M","SUM",2.251,1.134,-0.371,0.347,-0.457,0.12913427222932,2.268,0.29046469726296,0.440917107583774,0.403441543730933,0.320081742289396
"Biplex","perca","Ranellidae","M","SPMN",1.485,3.71,-0.083,0.052,-0.827,0.0629322155758856,7.42,0.466035093954483,0.134770889487871,0.133563379180811,0.471178671592992
"Charonia","lampas macilenta","Ranellidae","M","UMUT",1.52,2.532,-0.077,0.173,-0.933,0.0666398195163429,5.064,0.336717216312667,0.197472353870458,0.193731171698035,0.343980883056925
"Charonia","variegate","Ranellidae","M","SPMN",1.522,3.165,-0.362,0.136,-0.515,0.0668490962632513,6.33,0.422212439128923,0.157977883096367,0.156042702996498,0.428402578137547
"Cymatium","gutturnium","Ranellidae","M","SPMN",1.849,1.334,0.161,0.047,NA,0.0978237824217365,2.668,0.25975395399067,0.374812593703148,0.350969587166482,0.278724385242343
"Cymatium","parthenopeum","Ranellidae","M","SUM",1.629,NA,-0.125,0.241,-1.304,0.0776622534214175,NA,NA,NA,NA,NA
"Gelagna","succincta","Ranellidae","M","UMUT",1.729,1.813,-0.246,0.395,-0.305,0.087144207902876,3.626,0.314791876023144,0.275785990071704,0.265860843079317,0.327781281716906
"Linatella","cingulata","Ranellidae","M","SPMN",1.885,1.548,0.151,0.076,-0.481,0.100892746259705,3.096,0.310786147580986,0.322997416020672,0.307361974688292,0.328253832836752
"Distorsio","anus","Personidae","M","UMUT",1.391,1.852,-0.327,-0.002,-0.873,0.0525247779281951,3.704,0.194283961657972,0.269978401727862,0.260646417329394,0.201517360055697
"Cerithiopsis","emersonii","Cerithiopsidae","M","UMUT",1.102,7.802,-0.32,0.165,-0.971,0.0154581961190512,15.604,0.241180878174763,0.0640861317610869,0.0639549338425694,0.241704512698002
"Marshallora","adversa","Triphoridae","M","UMUT",1.112,8.228,-0.067,0.706,-0.505,0.016895919925692,16.456,0.277999580565266,0.0607681088964511,0.0606562175785135,0.278552151785955
"Janthina","janthina","Janthinidae","M","UMUT",3.082,1.183,-0.009,0.588,-0.041,0.179141419816437,2.366,0.417207032541183,0.422654268808115,0.389309760775522,0.460151370105848
"Janthina","janthina","Janthinidae","M","SPMN",2.922,1.107,0.084,0.587,-0.282,0.170656802387041,2.214,0.372449522021578,0.4516711833785,0.411630837954582,0.414587019852655
"Janthina","umbilicata","Janthinidae","M","UMUT",2.898,1.432,-0.203,0.203,-0.443,0.169344176859255,2.864,0.478193502916776,0.349162011173184,0.329645522598709,0.513715992634319
"Cirsotrema","varicosum","Epitoniidae","M","SPMN",1.343,4.316,-0.029,0.367,-0.427,0.046935734523717,8.632,0.404703731935267,0.115848007414272,0.115078361533161,0.407858904996591
"Epitonium","scalare","Epitoniidae","M","UMUT",1.624,2.333,0.036,0.228,-0.379,0.0771729971397495,4.666,0.359021684141079,0.214316330904415,0.20955771115775,0.368266081517065
"Gyroscala","lamellosa","Epitoniidae","M","UMUT",1.463,3.205,-0.087,0.268,-0.227,0.0605567245650411,6.41,0.387458826173605,0.15600624024961,0.15414176929572,0.392863821673561
"Melanella","major","Eulimidae","M","UMUT",NA,5.688,-0.083,0.207,-0.255,NA,11.376,NA,0.0879043600562588,0.0875666894777191,NA
"Scalenostoma","carinata","Eulimidae","M","UMUT",1.168,5.564,NA,-0.323,-0.018,0.0247156301802188,11.128,0.274951566682884,0.089863407620417,0.0895027476003835,0.276143815054376
"Acanthina","monodon","Muricidae","M","UMUT",2.857,1.167,-0.056,0.359,-0.564,0.167076422535095,2.334,0.384625006418028,0.428449014567266,0.393824235450062,0.424241089033436
"Bolinus","cornutus","Muricidae","M","SPMN",2.564,0.902,-0.091,0.232,-0.712,0.149855287250962,1.804,0.267353676624029,0.554323725055432,0.484819437510517,0.30909504788102
"Ceratostoma","burnetti","Muricidae","M","UMUT",1.914,1.595,0.043,0.317,-0.258,0.103322639917837,3.19,0.327853854124454,0.313479623824451,0.299126480051339,0.345414554739869
"Chicoreus","banksii","Muricidae","M","SPMN",1.58,2.233,0.337,0.11,-0.436,0.0728014254992912,4.466,0.324272970813302,0.223914017017465,0.218503400590406,0.33318211662875
"Chicoreus","cornucervi","Muricidae","M","SPMN",1.775,1.81,0.241,0.204,-0.822,0.0913231736571125,3.62,0.329219904925612,0.276243093922652,0.266270278169142,0.342971713873005
"Chicoreus","torrefactus","Muricidae","M","SPMN",1.542,2.239,0.111,0.22,-0.581,0.0689268665443102,4.478,0.307923915247859,0.223313979455114,0.21794571107809,0.316257044946453
"Concholepas","concholepas","Muricidae","M","UMUT",9.393,0.591,NA,-0.061,-0.767,0.356501459292128,1.182,0.396916228682454,0.846023688663283,0.64588433273658,0.551958673129055
"Coralliophila","neritoides","Muricidae","M","UMUT",3.033,1.146,-0.047,0.537,-0.482,0.17659072181726,2.292,0.398578944302549,0.43630017452007,0.399895592892397,0.44159206791953
"Cronia","margariticola","Muricidae","M","UMUT",1.552,2.128,0.28,0.253,-0.863,0.0699556674317363,4.256,0.29700546556071,0.234962406015038,0.228733344690251,0.305839393580633
"Drupa","ricinus ricinus","Muricidae","M","SPMN",1.895,1.415,-0.091,0.456,-1.357,0.101734837870208,2.83,0.286431129005028,0.353356890459364,0.333168640655527,0.30535538299775
"Haustellum","haustellum","Muricidae","M","SPMN",2.318,1.169,0.17,-0.27,-0.331,0.133802315834441,2.338,0.310066557200072,0.427715996578272,0.393254730756582,0.340243372475186
"Homalocantha","scorpio","Muricidae","M","SPMN",2.131,2.297,0.09,-0.026,-0.721,0.120415253749073,4.594,0.549220205159817,0.21767522855899,0.212694544893195,0.566141711859794
"Mancinella","echinata","Muricidae","M","SPMN",1.805,1.74,0.001,0.431,-0.631,0.0939906373778329,3.48,0.325652136459115,0.28735632183908,0.276179875094785,0.340323991187175
"Morula","granulata","Muricidae","M","UMUT",1.93,1.543,-0.087,0.49,-0.99,0.104647558646005,3.086,0.321188469311491,0.324044069993519,0.308263456172307,0.339474422123884
"Murex","pecten pecten","Muricidae","M","SPMN",1.838,1.944,0.379,0.211,-0.738,0.0968741162604228,3.888,0.374891569223158,0.257201646090535,0.249094444060126,0.388905166576255
"Nassa","francolina","Muricidae","M","UMUT",2.295,2.222,-0.115,0.139,-0.218,0.132215238433802,4.444,0.582495314920793,0.225022502250225,0.219533090547206,0.602256535013667
"Neothais","orbita","Muricidae","M","SPMN",2.347,1.58,-0.139,0.35,-0.331,0.135781116608806,3.16,0.425166930865992,0.316455696202532,0.301708891434119,0.450040156136582
"Ocenebra","interfossa","Muricidae","M","UMUT",1.722,2.791,-0.334,0.256,-0.799,0.0864985480190303,5.582,0.481038683167507,0.179147259046937,0.176339902284725,0.490521696441492
"Phyllonotus","erthrostomus","Muricidae","M","SPMN",1.801,1.255,-0.032,0.293,-0.879,0.0936375480636454,2.51,0.234006600754526,0.398406374501992,0.370114070079607,0.25299645604801
"Pterynotus","elongatus","Muricidae","M","SPMN",1.294,5.876,0.269,0.085,-1.055,0.0410203079295147,11.752,0.481665588042758,0.0850918992511913,0.0847855025944493,0.483812758953913
"Rapa","bubiformis","Muricidae","M","UMUT",2.129,1.003,-0.128,0.05,-0.098,0.120265812476975,2.006,0.239527194095933,0.498504486540379,0.446142532967416,0.269568139305289
"Rapa","rapa","Muricidae","M","SPMN",2.158,0.912,-0.069,0.065,-0.671,0.122419096243592,1.824,0.221637827190909,0.548245614035088,0.480737230095617,0.254648669958937
"Rapana","venosa","Muricidae","M","SUM",2.238,1.488,-0.2,0.296,-0.248,0.128212454432821,2.976,0.378462280487181,0.336021505376344,0.318520187376424,0.402525364212789
"Siratus","alabaster","Muricidae","M","SPMN",1.714,2.497,0.017,0.227,-0.47,0.0857574293662619,4.994,0.426706405278683,0.200240288346015,0.196342679149257,0.436774264962892
"Tais","armigera","Muricidae","M","SPMN",1.716,1.684,-0.088,0.327,-0.293,0.0859430328194738,3.368,0.288393029002649,0.296912114014252,0.284630985380921,0.301945456516115
"Thais","bronni","Muricidae","M","UMUT",1.907,1.551,-0.065,0.374,-0.601,0.102739501551968,3.102,0.317029140436545,0.322372662798195,0.306823480829071,0.334848888599904
"Thais","clavigera","Muricidae","M","SUM",1.962,1.651,-0.15,0.286,-0.704,0.107264759543707,3.302,0.352168055267178,0.302846759539673,0.289846500780535,0.370074364378563
"Thais","haemastoma","Muricidae","M","SPMN",2.05,1.801,0.149,0.254,-0.623,0.114247751427937,3.602,0.408860714234521,0.277623542476402,0.267505892387093,0.42708499019758
"Thais","kiosquiformis","Muricidae","M","UMUT",1.732,1.846,-0.004,0.45,-0.865,0.0874201194595682,3.692,0.321528813281781,0.270855904658722,0.261435773150682,0.334384688086211
"Trophon","geversianus","Muricidae","M","UMUT",2.261,1.417,-0.036,0.174,-0.477,0.129839747422957,2.834,0.364902867480104,0.352858151023289,0.332750495185971,0.390201515253617
"Urosalpinx","cinerea","Muricidae","M","UMUT",1.777,2.25,-0.016,0.288,-0.546,0.0915024022155713,4.5,0.410047786726899,0.222222222222222,0.216930457818656,0.421805232587777
"Vexilla","vexillum","Muricidae","M","UMUT",2.083,1.705,-0.102,0.103,0.226,0.116789355462799,3.41,0.395563146966414,0.293255131964809,0.281404471344897,0.415023097908275
"Columbarium","harrisium","Turbinellidae","M","SPMN",1.419,2.529,0.363,0.215,-0.682,0.0556966540168769,5.058,0.281277735579747,0.197706603400554,0.193952343278405,0.287166698145679
"Columbarium","pagoda pagoda","Turbinellidae","M","UMUT",1.475,2.296,0.122,0.201,-0.395,0.0618568402475217,4.592,0.283504745586754,0.217770034843206,0.212782988473502,0.290703879531351
"Vasum","ceramicum","Turbinellidae","M","UMUT",1.522,1.961,-0.206,0.397,0.11,0.0668490962632513,3.922,0.261598291668821,0.254971953085161,0.247067389068268,0.270570294668796
"Vasum","turbinellum","Turbinellidae","M","UMUT",1.753,1.477,-0.127,0.362,-0.932,0.08933822233409,2.954,0.262858216017902,0.3385240352065,0.320649286245101,0.278616626221961
"Amphissa","columbiana","Columbellidae","M","UMUT",1.554,2.581,-0.158,0.296,-0.447,0.0701606319714511,5.162,0.361281068224937,0.193723363037582,0.190187483337365,0.368902467924224
"Colubraria","cumingii","Columbellidae","M","SPMN",1.301,3.536,-0.083,0.137,-1.138,0.0418789493968441,7.072,0.295908554733707,0.141402714932127,0.140009912604683,0.299114174259139
"Parametaria","philippinarum","Columbellidae","M","UMUT",1.6,1.802,-0.317,0.075,-0.19,0.0748034008655893,3.604,0.268840351315535,0.277469478357381,0.267368057690652,0.279776879525892
"Pyrene","splendidula","Columbellidae","M","UMUT",1.374,2.591,-0.087,-0.138,-0.252,0.0505676942930686,5.182,0.26170740054581,0.192975685063682,0.189479854992797,0.266876361579393
"Strombina","lanceolata","Columbellidae","M","UMUT",1.448,3.092,0.097,0.195,-0.759,0.0589165010843351,6.184,0.363708944646725,0.161707632600259,0.159633939011279,0.369072525862889
"Bullia","gradata","Nassariidae","M","SPMN",1.64,2.687,-0.196,0.177,-0.114,0.0787333522172001,5.374,0.421807674262427,0.186081131373279,0.182940812912609,0.430376092484137
"Nassarius","arcularia","Nassariidae","M","UMUT",1.739,1.592,-0.23,0.308,-1.457,0.0880620590228171,3.184,0.279308678390983,0.314070351758794,0.299639594502485,0.293893265905106
"Zeuxis","margritifera","Nassariidae","M","UMUT",1.438,3.07,0.069,0.279,-0.817,0.0578135518116547,6.14,0.354383455349975,0.162866449511401,0.160748438133566,0.359652339288157
"Balylonia","japonica","Buccinidae","M","UMUT",1.836,2.094,0.083,0.431,0.02,0.0967008392230652,4.188,0.403102782606045,0.238777459407832,0.232248446951815,0.416368076911738
"Balylonia","japonica","Buccinidae","M","UMUT",1.849,2.099,0.086,0.545,-0.478,0.0978237824217365,4.198,0.408713305417104,0.238208670795617,0.23172495137885,0.422154721965194
"Balylonia","japonica","Buccinidae","M","UMUT",1.827,2.089,0.158,0.567,-0.246,0.0959187494768319,4.178,0.398917634729594,0.239348970799426,0.232774245285714,0.412067706885263
"Buccinum","osagawai","Buccinidae","M","SPMN",1.69,2.534,-0.048,0.359,-0.428,0.083513139161341,5.068,0.421776317177537,0.197316495659037,0.193583998547375,0.431405177018819
"Cominella","lineolata","Buccinidae","M","UMUT",1.622,2.345,-0.253,0.397,-0.288,0.0769768727241832,4.69,0.3599566576133,0.213219616204691,0.208532094701598,0.369136812414101
"Fusinus","dupetitthouarsi","Buccinidae","M","SPMN",1.38,3.878,-0.446,0.097,0.602,0.0512611809810987,7.756,0.397060382439484,0.128932439401753,0.12787395909568,0.40087271359717
"Japelion","pericochlion","Buccinidae","M","SUM",1.484,3.981,-0.1,0.262,0.317,0.0628250044279501,7.962,0.499228432890371,0.125596583772921,0.124617539841429,0.50414255094341
"Kelletia","lischkei","Buccinidae","M","UMUT",1.609,2.196,-0.359,0.308,-0.119,0.0756961389419439,4.392,0.331509041123787,0.227686703096539,0.222004906298706,0.340966063335984
"Neptunea","antiqua","Buccinidae","M","UMUT",1.71,2.01,-0.154,0.287,-0.076,0.0853855718534253,4.02,0.342005533817213,0.248756218905473,0.241399461295494,0.353710697593089
"Neptunea","constricta","Buccinidae","M","SUM",1.622,2.488,-0.102,0.189,-0.787,0.0769768727241832,4.976,0.381907106243877,0.20096463022508,0.197025398803655,0.390695175300187
"Neptunea","lyrata decemcostata","Buccinidae","M","UMUT",2.069,1.658,-0.018,0.216,-0.449,0.115716052164276,3.316,0.381170936694511,0.301568154402895,0.288724992081514,0.400782943416297
"Northia","northiae","Buccinidae","M","SPMN",1.489,3.298,-0.401,0.199,-0.491,0.0633603394200345,6.596,0.417088429829719,0.151607034566404,0.149894185073394,0.422700449580553
"Penion","maxima","Buccinidae","M","SPMN",1.606,2.004,-0.177,0.209,-0.647,0.075399115633791,4.008,0.301344294255054,0.249500998003992,0.242079918435532,0.311463735286537
"Pleuroploca","princeps","Buccinidae","M","SPMN",1.592,2.571,-0.07,0.168,-0.241,0.0740056300569174,5.142,0.379499142021946,0.194476857253987,0.190900316606448,0.387666355784439
"Siphonalia","fusoides","Buccinidae","M","SPMN",1.709,2.35,0.165,0.189,-0.719,0.0852924715623283,4.7,0.399424381721707,0.212765957446809,0.208107644464859,0.409847854371976
"Solenosteria","fusiformis","Buccinidae","M","UMUT",1.614,2.015,-0.035,0.419,-0.109,0.076189949276324,4.03,0.306158171363324,0.248138957816377,0.240835239208937,0.316357147428185
"Volutharpa","ampullacea perryi","Buccinidae","M","UMUT",2.482,1.404,-0.29,0.348,-0.923,0.144682138491707,2.808,0.402080877029611,0.356125356125356,0.33548615929138,0.431261125041067
"Busycom","spiratum","Melongenidae","M","SPMN",2.254,0.969,-0.025,0.072,-0.286,0.129346243328035,1.938,0.248602033740772,0.515995872033024,0.45854947412063,0.282076963616816
"Hemifusus","tuba","Melongenidae","M","UMUT",1.739,2.076,-0.171,0.187,-0.262,0.0880620590228171,4.152,0.364224130866634,0.240847784200385,0.23415220407282,0.376088960475599
"Melongena","melongena","Melongenidae","M","SPMN",1.86,1.682,-0.03,0.125,-0.079,0.0987678155880582,3.364,0.330646105834779,0.297265160523187,0.284941964998453,0.346624322565454
"Melongena","patula","Melongenidae","M","UMUT",2.316,1.033,-0.25,0.207,-0.133,0.133664935641973,2.066,0.273717421215275,0.484027105517909,0.435674802518306,0.306799784769183
"Pugilina","cochlidium","Melongenidae","M","SPMN",1.835,1.324,-0.02,0.127,0.045,0.0966141299084215,2.648,0.254648495073304,0.377643504531722,0.35329064006393,0.273469260014753
"Fasciolaria","tulipa","Fasciolariidae","M","SPMN",1.87,2.242,-0.133,0.064,-0.164,0.0996211953435873,4.484,0.444501185577102,0.223015165031222,0.217667905990182,0.45767516754666
"Fusinus","forceps","Fasciolariidae","M","UMUT",1.392,3.338,0.151,0.196,-0.525,0.0526391544642652,6.676,0.350933134631726,0.149790293588975,0.148137620794009,0.355339542933944
"Fusinus","nicobaricus","Fasciolariidae","M","UMUT",1.422,2.935,0.09,0.3,-0.575,0.0560327786256371,5.87,0.328397284621495,0.170357751277683,0.167938248233443,0.333651084342315
"Fusinus","nicobaricus","Fasciolariidae","M","SPMN",1.398,3.198,-0.117,0.137,-0.376,0.0533236929091963,6.396,0.34057448604271,0.156347717323327,0.154471123154536,0.345201690906658
"Latirus","nodatus","Fasciolariidae","M","UMUT",1.473,2.789,-0.134,0.104,-0.359,0.0616408904951342,5.578,0.343181529157249,0.179275726066691,0.176462419862921,0.34931454834983
"Opeatostoma","pseudodon","Fasciolariidae","M","UMUT",1.735,1.896,-0.143,0.184,-0.55,0.0876955535227021,3.792,0.331270160405347,0.263713080168776,0.254995328324383,0.343910432002673
"Peristernia","incarnata","Fasciolariidae","M","UMUT",1.335,3.297,-0.465,0.503,-0.709,0.0459848433122067,6.594,0.302903964686018,0.151653017895056,0.149938626937088,0.306691105898291
"Pleuroploca","glabra","Fasciolariidae","M","UMUT",1.501,3.01,-0.227,0.128,-0.425,0.0646378441500447,6.02,0.388309478931184,0.166112956810631,0.16386750127671,0.394451881223817
"Amoria","undulata","Fasciolariidae","M","SPMN",2.04,2.333,-0.25,0.146,-0.083,0.113469486096719,4.666,0.526072774871594,0.214316330904415,0.20955771115775,0.541471299098615
"Cymbium","olla","Fasciolariidae","M","SPMN",3.37,1.497,0.058,0.192,-0.422,0.193359368690914,2.994,0.568390012142295,0.334001336005344,0.31679794519173,0.610355501434487
"Ericusa","sericatum","Fasciolariidae","M","SPMN",1.547,4.034,-0.213,0.097,-0.098,0.0694420982765483,8.068,0.558912873356334,0.123946455131383,0.123005208858358,0.56454599704401
"Fulgoraria","clara","Fasciolariidae","M","SUM",1.95,3.049,0.077,0.025,-0.039,0.106288345787375,6.098,0.644515940390313,0.163988192850115,0.161826696190282,0.65680353297454
"Lyria","planicostata","Fasciolariidae","M","SPMN",1.448,4.14,-0.164,0.084,0.175,0.0589165010843351,8.28,0.486984162625305,0.120772946859903,0.119901663408274,0.491373509003958
"Scaphella","dubia","Fasciolariidae","M","SPMN",1.781,3.712,-0.005,-0.005,-0.267,0.0918602549646285,7.424,0.679111277470698,0.134698275862069,0.133492698895521,0.688129431232218
"Voluta","ebraea","Fasciolariidae","M","SPMN",1.654,2.295,-0.238,0.083,-0.046,0.0800862256961471,4.59,0.366422572913233,0.217864923747277,0.212871503892155,0.376218630637948
"Volutocorbis","abyssicola","Fasciolariidae","M","SPMN",1.802,2.526,-0.098,0.101,-0.065,0.0937258938572499,5.052,0.471437063774097,0.197941409342835,0.194174010530267,0.482690209679942
"Alcospira","marginata","Olividae","M","UMUT",1.713,2.557,-0.063,0.154,-0.31,0.0856645464088011,5.114,0.436489846141521,0.195541650371529,0.191907135141329,0.446385416288528
"Amalda","rubiginosa rubiginosa","Olividae","M","SPMN",1.686,2.962,0.055,0.087,-0.011,0.0831359945699487,5.924,0.490804432087477,0.168804861580013,0.166450015764478,0.4994652249693
"Oliva","porphyria","Olividae","M","SPMN",1.916,0.674,-0.192,-0.016,0.056,0.103488859194661,1.348,0.138761895098826,0.741839762611276,0.595797339903512,0.173698088701471
"Oliva","textilina","Olividae","M","SPMN",1.753,0.837,-0.275,0.007,0.09,0.08933822233409,1.674,0.148958921331742,0.597371565113501,0.512835618260398,0.17420440225493
"Olivella","biplicata","Olividae","M","UMUT",1.952,1.925,-0.074,0.05,-0.144,0.106451497972951,3.85,0.40753569076175,0.25974025974026,0.251398364394992,0.423437512129936
"Morum","grande","Harpidae","M","SPMN",2.287,1.467,-0.038,0.141,-0.883,0.131659480756581,2.934,0.382983815201924,0.340831629175187,0.322608240927824,0.408109477854401
"Harpa","major","Harpidae","M","SPMN",2.686,0.874,0.02,0.157,-0.735,0.157253534600043,1.748,0.271542242189543,0.5720823798627,0.496566689430957,0.316681601780917
"Cancilla","isabella","Mitridae","M","SPMN",1.383,4.816,-0.138,0.146,-0.025,0.0516067944569621,9.632,0.496416040957814,0.103820598006645,0.103265554589599,0.499748388144134
"Mitra","eremitarum","Mitridae","M","SPMN",1.509,3.666,-0.103,0.154,-0.156,0.0654838524841158,7.332,0.479101479383711,0.136388434260775,0.13513732656901,0.484572650256444
"Mitra","mitra","Mitridae","M","UMUT",1.526,3.769,-0.495,0.145,0.274,0.0672668260124872,7.538,0.505914039853971,0.132661183337755,0.131509017553135,0.511499722711475
"Mitra","swainsoni","Mitridae","M","SPMN",1.321,5.959,-0.209,0.028,0.023,0.0443069895172569,11.918,0.527533152319339,0.0839066957543212,0.083612880699928,0.529906267387999
"Vexillum","taeniatum","Costellariidae","M","SPMN",1.299,5.068,-0.169,-0.007,0.222,0.0416340955899465,10.136,0.421637917978779,0.0986582478295186,0.0981815821672102,0.424051992959746
"Pusia","cancellaroides.","Costellariidae","M","UMUT",1.455,2.277,-0.176,0.379,-0.405,0.0596840427728511,4.554,0.271318317358058,0.219587176108915,0.214477163699252,0.278276911832638
"Cystiscus","nanavensis","Cystiscidae","M","UMUT",1.733,1.034,-0.321,0.078,-0.078,0.0875119837871357,2.068,0.18028575370297,0.483558994197292,0.435333336891845,0.201022932017902
"Cancellaria","nodulifera","Cancellariidae","M","UMUT",2.245,1.113,0.009,0.462,-0.432,0.128709481203767,2.226,0.284163230754273,0.449236298292902,0.409785272307611,0.314090061067763
"Cancellaria","spengleriana","Cancellariidae","M","UMUT",1.92,1.761,-0.121,0.365,-0.687,0.103820777861557,3.522,0.363701906608176,0.283929585462805,0.273133487275079,0.380110029338866
"Conus","pulicarius","Conidae","M","SUM",1.394,1.184,0.088,0.262,0,0.052867661241626,2.368,0.125016034469096,0.422297297297297,0.389030733260048,0.135895847607203
"Conus","stimpsoni","Conidae","M","SPMN",1.355,1.129,-0.028,0.34,-0.336,0.0483515031753911,2.258,0.10905029599556,0.442869796279894,0.404935830833646,0.11940534646156
"Conus","euetrios","Conidae","M","SPMN",1.448,0.773,-0.097,0.012,-0.221,0.0589165010843351,1.546,0.0909272361616813,0.646830530401035,0.543116154420269,0.108478638694192
"Conus","textile","Conidae","M","SPMN",1.742,1.484,-0.226,0.012,0.109,0.0883363853356501,2.968,0.261165393635719,0.336927223719677,0.31929131199889,0.276663917920689
"Conus","capitaneus","Conidae","M","SPMN",1.752,0.467,-0.065,-0.019,0.13,0.0892474063869229,0.934,0.0830270739355022,1.07066381156317,0.730812196438028,0.122120849681921
"Conus","tulipa","Conidae","M","SPMN",2.132,1.615,-0.097,0.064,-0.152,0.120489921797871,3.23,0.386387799404836,0.309597523219814,0.295747987182093,0.407407411106689
"Bathytoma","luhdorfi","Turridae","M","UMUT",1.429,NA,-0.168,-0.116,-0.243,0.0568143197272611,NA,NA,NA,NA,NA
"Thatcheria","mirabilis","Turridae","M","SUM",1.694,1.362,0.087,-0.322,-0.084,0.0838893921571232,2.724,0.22771484535127,0.367107195301028,0.344619156696207,0.243426375252477
"Turris","babylonia","Turridae","M","UMUT",1.316,4.401,-0.248,0.028,0.135,0.0437034433139116,8.802,0.384310867989425,0.113610543058396,0.112884359543451,0.387152334394825
"Turris","grandis","Turridae","M","UMUT",1.263,6.265,-0.202,0.173,-0.308,0.0371610627338259,12.53,0.465306945343404,0.0798084596967279,0.0795555018357702,0.467108645867625
"Subula","muscaria","Terebridae","M","UMUT",1.193,8.682,-0.256,0.368,0.029,0.0280862547399535,17.364,0.487497487009178,0.0575904169546188,0.0574951500603092,0.488497807388843
"Oxymeris","crenulatus","Terebridae","M","UMUT",1.233,6.914,-0.275,0.381,-0.042,0.0333350385103039,13.828,0.460701012397935,0.0723170378941279,0.0721286762288527,0.462160686334201
"Architectonica","perspectiva","Architectonicidae","M","UMUT",1.65,0.794,0.366,0.295,-0.134,0.0797008624495397,1.588,0.12616488987347,0.629722921914358,0.532869800853283,0.149569111107282
"Architectonica","tavlori","Architectonicidae","M","UMUT",1.613,0.789,0.335,0.677,-0.418,0.0760913097050898,1.578,0.119725986968767,0.633713561470215,0.535281285830433,0.142152008148467
"Phsilaxis","radiatus","Architectonicidae","M","UMUT",1.821,0.744,0.269,0.184,-0.184,0.0953952130077355,1.488,0.141306570791461,0.672043010752688,0.557785647232962,0.171024861397864
"Longchaeus","canaliculatus.","Pyramidellidae","M","UMUT",1.209,4.901,-0.096,0.217,-0.455,0.0302065850924029,9.802,0.295949959897927,0.1020199959192,0.101493188543209,0.297621796358708
"Otopleura","mitralis","Pyramidellidae","M","UMUT",1.324,3.045,-0.23,0.594,-0.949,0.0446680216790867,6.09,0.271757277692279,0.164203612479475,0.162033698703523,0.275671184676323
"Pyramidella","dolabrata","Pyramidellidae","M","UMUT",1.234,NA,-0.138,-0.03,-0.264,0.0334640656297273,NA,NA,NA,NA,NA
"Acteon","tornatilis","Acteonidae","M","UMUT",1.718,2.071,-0.07,0.005,-0.126,0.0861284200775835,4.142,0.355428050505401,0.241429261226461,0.234686415355188,0.366993632533999
"Acteon","tornatilis","Acteonidae","M","UMUT",1.864,1.825,-0.043,-0.021,0.124,0.099109716778818,3.65,0.359986759322663,0.273972602739726,0.2642351470786,0.375081505524837
"Pupa","strigosa","Acteonidae","M","UMUT",1.902,2.101,-0.192,0.099,-0.557,0.102321662133468,4.202,0.427722387049525,0.237981913374584,0.23151619464163,0.441963303223146
"Scaphander","lignaria","Scaphandridae","M","UMUT",1.732,1.611,-0.255,0.109,0.39,0.0874201194595682,3.222,0.280597463811998,0.310366232153942,0.296417861492715,0.294921901869658
"Atys","naucum","Haminoeidae","M","UMUT",2.219,0.323,0.014,0.08,-0.019,0.126855504808952,0.646,0.0812971370234221,1.54798761609907,0.839975569833815,0.151022850383672
"Bulla","vernicosa","Bullidae","M","SUM",1.479,0.964,-0.347,0.145,-0.422,0.0622878626994276,1.928,0.11985871178542,0.518672199170125,0.460424676463064,0.135283502130939
"Bulla","vernicosa","Bullidae","M","UMUT",1.634,1.6,-0.215,0.135,-0.567,0.0781500102944165,3.2,0.249319840875625,0.3125,0.298274993135947,0.262006578133748
"Hydatina","amplustre","Hydatinidae","M","UMUT",3.355,1.262,-0.113,0.019,-0.37,0.192649382637259,2.524,0.477467448608487,0.396196513470681,0.368340340862157,0.523020047672035
"Hydatina","physis","Hydatinidae","M","UMUT",5.311,1.376,-0.101,0.087,-0.124,0.265753763386902,2.752,0.706820521368326,0.363372093023256,0.341523680900929,0.778141541124913
"Ringiculina","kurodai","Ringiculidae","M","UMUT",1.844,2.154,-0.133,0.045,-0.275,0.0973928183265838,4.308,0.417592428186466,0.232126276694522,0.226114382021115,0.430723678237721
"Chilina","parchappei","Chilinidae","F","UMUT",2.19,2.277,-0.257,0.396,-0.521,0.124761805597659,4.554,0.563794333306903,0.219587176108915,0.214477163699252,0.581702049047073
"Radix","swinhoei","Lymnaeidae","F","UMUT",2.501,1.91,-0.136,0.321,0.058,0.145895848535298,3.82,0.551483715897414,0.261780104712042,0.253246537545207,0.576102046446555
"Radix","swinhoei","Lymnaeidae","F","UMUT",3.024,1.854,-0.218,0.299,NA,0.176117749870091,3.708,0.64314640031979,0.269687162891046,0.260384318410769,0.676376177125448
"Radix","auricularia","Lymnaeidae","F","UMUT",4.001,0.976,-0.153,0.334,-0.342,0.220675383915661,1.952,0.420638056244876,0.512295081967213,0.45594634453155,0.483994194848493
"Lymnaea","stagnalis","Lymnaeidae","F","SHIN",2.031,2.331,-0.159,0.384,-0.253,0.112765778495922,4.662,0.522403081451317,0.214500214500215,0.209729606289998,0.537672198459186
"Gyraulus","chinensis","Planorbidae","F","UMUT",1.361,0.251,0.483,0.701,-0.391,0.0490546925803918,0.502,0.0245958801507239,1.99203187250996,0.893711079101612,0.0548887596086457
"Planorbarius","corneus","Planorbidae","F","SPMN",1.236,0.388,0.322,-0.493,-0.738,0.0337218064845852,0.776,0.0261532558358477,1.28865979381443,0.7900323755581,0.0426840817260979
"Physa","acuta","Physidae","F","SHIN",1.933,2.291,-0.305,0.223,-0.719,0.104894757675393,4.582,0.478005249385845,0.218245307725884,0.21322628565877,0.491941025710397
"Cassidula","nucleus","Ellobiidae","L","UMUT",1.641,1.08,-0.037,0.209,-0.749,0.0788303683391264,2.16,0.169746989298554,0.462962962962963,0.420123568111038,0.187636148796803
"Ellobium","chinense","Ellobiidae","L","UMUT",1.514,2.461,-0.138,0.217,-0.08,0.0660103330935235,4.922,0.324197304397269,0.203169443315725,0.199101751815616,0.331540694602498
"Melampus","flavus","Ellobiidae","L","UMUT",1.619,1.311,0.051,0.054,-0.6,0.0766822322023435,2.622,0.200472271754635,0.3813882532418,0.356350947112572,0.215187395525904
"Pythia","pantherina","Ellobiidae","L","SUM",1.381,1.867,-0.172,0.317,-0.253,0.0513764688840696,3.734,0.191587050455407,0.267809319764328,0.25869298229762,0.198600164673049
"Succinea","lauta","Succineidae","L","SHIN",3.908,1.762,-0.407,0.407,-0.414,0.216932283156292,3.524,0.747092509573517,0.283768444948922,0.272990029125185,0.794652771207308
"Buliminus","sinaiensis","Enidae","L","BPBM",1.303,4.937,-0.031,0.412,-0.842,0.0421234270840746,9.874,0.415558202700085,0.101276078590237,0.100760653718602,0.418054325071313
"Achatinella","bulimoides mistura","Clausiliidae","L","BPBM",1.484,2.225,-0.068,0.462,-0.176,0.0628250044279501,4.45,0.279021166335362,0.224719101123595,0.21925132906105,0.286543323121461
"Achatinella","mustelina","Clausiliidae","L","BPBM",1.547,2.18,-0.162,0.523,-0.225,0.0694420982765483,4.36,0.302040174495986,0.229357798165138,0.223553151430422,0.31062902863242
"Auriculella","aurieula","Clausiliidae","L","BPBM",1.452,2.819,-0.108,0.448,-0.518,0.0593555494816389,5.638,0.334058647483329,0.177367860943597,0.174642069157792,0.339869710476289
"Auriculella","montana","Clausiliidae","L","BPBM",1.584,2.328,-0.239,0.391,-0.557,0.0732038402347709,4.656,0.339927494968475,0.214776632302406,0.209987966186455,0.348609692089549
"Luchuphaedusa","inclyta","Clausiliidae","L","SPMN",1.203,6.958,0.143,-0.098,-1.326,0.029414767821881,13.916,0.409158939279684,0.0718597298074159,0.0716749099002693,0.410391416784614
"Megalophaedusa","martensi","Clausiliidae","L","SHIN",1.208,7.603,-0.029,0.048,-0.618,0.030074888814229,15.206,0.457112077340442,0.0657635144022096,0.065621765684127,0.458306607581936
"Partulina","splendida","Clausiliidae","L","BPBM",1.55,2.582,-0.138,0.558,-0.359,0.0697504385920905,5.164,0.359318261526469,0.193648334624322,0.190116487206306,0.366882639254744
"Partulina","virgulate","Clausiliidae","L","BPBM",1.596,2.416,-0.168,0.495,-0.141,0.0744050153181731,4.832,0.358533962727511,0.206953642384106,0.202659214835912,0.367143509257237
"Pinguiphaedusa","platydera","Clausiliidae","L","SHIN",1.234,5.208,-0.024,0.014,-1.052,0.0334640656297273,10.416,0.348366704049936,0.0960061443932412,0.0955667267686221,0.350164400950423
"Liguus","virgineus","Orthalicidae","L","SPMN",1.383,3.829,-0.062,0.562,-0.304,0.0516067944569621,7.658,0.394679613959192,0.130582397492818,0.129483106306846,0.398560058751338
"Orthalicus","undatus.","Orthalicidae","L","SPMN",1.782,2.007,-0.05,0.495,-0.277,0.0919495925718533,4.014,0.367535229691435,0.249128051818635,0.241739225881673,0.380366869449896
"Orthalicus","undatus","Orthalicidae","L","SPMN",1.676,2.295,-0.141,0.544,-0.328,0.0821892044899276,4.59,0.375980698845868,0.217864923747277,0.212871503892155,0.386097730260628
"Orthalicus","undatus","Orthalicidae","L","SPMN",1.729,2.046,-0.121,0.564,-0.197,0.087144207902876,4.092,0.35524775418828,0.244379276637341,0.237393354514768,0.367087815415047
"Placostylus","hargravesi","Orthalicidae","L","SPMN",1.615,3.434,0.003,0.227,-0.324,0.0762885277515052,6.868,0.522431554129033,0.145602795573675,0.144083507908627,0.529474392030243
"Cerion","incanum","Cerionidae","L","UMUT",1.166,4.59,-0.08,0.09,-0.478,0.0244428709993339,9.18,0.22431855577696,0.108932461873638,0.108291845950697,0.225712940662793
"Acavus","phoenix","Bulimulidae","L","SPMN",2.99,1.183,-0.203,0.753,-0.034,0.174318173642127,2.366,0.406309763825866,0.422654268808115,0.389309760775522,0.447762145225637
"Auris","bilabiata","Bulimulidae","L","SPMN",2.003,2.364,-0.111,-0.043,-0.627,0.110556353620501,4.728,0.519544960227603,0.211505922165821,0.206928119405011,0.534274191146125
"Bostryx","tumidulus","Bulimulidae","L","UMUT",1.598,1.982,-0.058,0.464,-0.472,0.0746043327432114,3.964,0.294912002243306,0.252270433905146,0.244607037383158,0.304996673608984
"Luchuena","reticulata variegata","Bulimulidae","L","UMUT",1.357,3.124,-0.014,0.369,-0.08,0.0485862450219163,6.248,0.303209188530494,0.160051216389245,0.15803981130322,0.30743041655939
"Luchuena","reticulata variegata","Bulimulidae","L","UMUT",1.317,3.713,-0.061,0.324,-0.515,0.0438243357945377,7.426,0.32512745196789,0.134661998384056,0.133457386543596,0.328376996804308
"Mirus","japonicus","Bulimulidae","L","UMUT",1.289,4.371,0.011,0.192,-0.714,0.0404041440043102,8.742,0.352925070179484,0.114390299702585,0.113649158692436,0.355516437333726
"Neopetraeus","arboriferus","Bulimulidae","L","UMUT",1.469,3.047,-0.069,0.346,-0.502,0.0612081099617246,6.094,0.372305465395067,0.164095831965868,0.161930132182486,0.377990860235614
"Zebrina","cylindrica","Bulimulidae","L","UMUT",1.257,4.6,-0.099,0.289,-0.543,0.0364031806203058,9.2,0.334687572554574,0.108695652173913,0.108059180768419,0.336881886031703
"Spixia","alvarezi","Odontostomidae","L","UMUT",1.279,4.996,0.02,0.219,-0.671,0.0391646132600164,9.992,0.391033034285965,0.100080064051241,0.0995825960121379,0.393287731274275
"Cyclodontina","inflata","Odontostomidae","L","UMUT",1.286,3.868,-0.067,0.337,-0.828,0.0400332973671818,7.736,0.309449715608562,0.129265770423992,0.12819912717671,0.31227433640792
"Achatina","bicarinata","Achatinidae","L","SHIN",1.613,2.745,-0.028,0.228,-0.407,0.0760913097050898,5.49,0.4165371789978,0.182149362477231,0.179200822456248,0.424614734810538
"Rumina","decollata","Subulinidae","L","SPMN",1.164,6.439,-0.114,0.285,-0.369,0.0241696435621146,12.878,0.311165795941138,0.0776518092871564,0.0774187501595464,0.312193667713638
"Euglandia","rosea","Subulinidae","L","UMUT",1.812,3.092,-0.085,0.275,-0.238,0.0946066650209331,6.184,0.582446850731426,0.161707632600259,0.159633939011279,0.592647563587643
"Rhytida","dunniae","Rhytididae","L","UMUT",2.592,0.546,0.089,NA,-0.312,0.151583907194607,1.092,0.163660041242744,0.915750915750916,0.675357558030573,0.224449856808658
"Pedinogyra","hayii","Haplotrematidae","L","SPMN",1.509,1.606,0.297,0.959,-0.07,0.0654838524841158,3.212,0.209884608808031,0.311332503113325,0.297259276597724,0.220292040112625
"Acavus","haemastoma","Acavidae","L","SHIN",2.283,1.44,-0.054,0.879,-0.372,0.131380872469955,2.88,0.375153019357455,0.347222222222222,0.328011688970412,0.400537166472157
"Acavus","haemastoma","Acavidae","L","SHIN",2.685,1.356,-0.013,0.869,-0.262,0.157194270051567,2.712,0.421139426288171,0.368731563421829,0.345961863974548,0.454368779973772
"Brazieresta","naturalistarum","Acavidae","L","UMUT",1.696,2.596,-0.075,0.334,-0.321,0.0840771856220875,5.192,0.434993974927512,0.192604006163328,0.189127975233974,0.444551820099983
"Pedinogyra","hayii","Caryodidae","L","SHIN",1.436,0.636,0.24,1.059,-0.125,0.0575920417646357,1.272,0.0731358873951405,0.786163522012579,0.618039889205935,0.0931849914066723
"Coxia","macgregori","Zonitidae","L","SPMN",1.145,0.2,0.546,0.883,-0.1,0.021550317297101,0.4,0.0086181259525858,2.5,0.928476690885259,0.023210402058186
"Oxychilus","draparnaudi","Zonitidae","L","UMUT",1.819,0.602,0.088,0.543,-0.438,0.0952203174482762,1.204,0.114129030961954,0.830564784053156,0.638926637947563,0.149031691266081
"Ryssota","lamarckiana","Helicarionidae","L","SPMN",2.662,0.632,-0.077,0.801,-0.209,0.155825058804833,1.264,0.194614287156026,0.791139240506329,0.620448640349893,0.251149005205262
"Megaustenia","siamensis","Ariophantidae","L","SHIN",5.306,0.878,0.011,0.638,0.083,0.265603857617986,1.756,0.450771389218634,0.569476082004556,0.494859378865837,0.536725924497421
"Eobania","vermiculata","Helicidae","L","SPMN",1.89,0.936,-0.19,0.926,-0.191,0.101314349004502,1.872,0.188694497300737,0.534188034188034,0.471175062055371,0.215024854164705
"Helix","pomatia","Helicidae","L","SHIN",2.149,1.248,-0.142,0.524,-0.492,0.121753948078888,2.496,0.301670097746649,0.400641025641026,0.371903590141449,0.327380405315743
"Cepaea","hortensis","Helicidae","L","SHIN",1.827,1.085,-0.075,0.868,-0.276,0.0959187494768319,2.17,0.207192739914605,0.460829493087558,0.418527290747267,0.229181588865023
"Cepaea","nemoralis","Helicidae","L","SHIN",2.614,0.593,0.126,0.512,-0.407,0.152929058785528,1.186,0.17928943297331,0.843170320404722,0.644612027792877,0.237242018752194
"Acusta","despecta despecta","Bradybaenidae","L","UMUT",1.862,1.099,-0.072,0.515,-0.296,0.0989388579936574,2.198,0.216410976941973,0.454959053685168,0.414114924393688,0.238916426734717
"Aegista","elegantissima","Bradybaenidae","L","UMUT",1.661,0.495,0.222,0.956,-0.021,0.0807583742678011,0.99,0.0796913427791752,1.01010101010101,0.710651109010207,0.113639975008667
"Aegista","elegantissima","Bradybaenidae","L","UMUT",1.717,0.549,0.157,1.023,-0.276,0.0860357534414332,1.098,0.0941195559503113,0.910746812386157,0.673342814007046,0.127774072362095
"Aegista","hatakedai","Bradybaenidae","L","SHIN",1.747,0.681,0.161,0.798,-0.033,0.0887925477089504,1.362,0.120461515968785,0.734214390602056,0.591825395713849,0.150031661959775
"Aegista","oculus","Bradybaenidae","L","UMUT",1.453,0.774,0.327,1.032,-0.264,0.0594651225965293,1.548,0.0918896875506584,0.645994832041344,0.542621155299302,0.109588655023465
"Bradybaena","pellucida","Bradybaenidae","L","SHIN",2.123,0.9,0.005,0.637,0.013,0.119816644888841,1.8,0.214138350056801,0.555555555555556,0.485642931178632,0.246717572101897
"Bradybaena","similaris","Bradybaenidae","L","SHIN",1.791,0.872,-0.14,0.617,-0.16,0.0927513823939998,1.744,0.161067079102565,0.573394495412844,0.497424044272833,0.186463407754223
"Bradybaena","similaris","Bradybaenidae","L","SHIN",1.778,0.882,0.058,0.645,0.112,0.0915919408638355,1.764,0.160894713579119,0.566893424036281,0.493161882026612,0.185723885405428
"Calocochlia","zonifera.","Bradybaenidae","L","SPMN",1.687,1.688,-0.134,0.724,-0.307,0.0832303645360056,3.376,0.280017502819824,0.296208530805687,0.284010968906292,0.293053345286347
"Chloraea","stenopsis","Bradybaenidae","L","UMUT",1.812,0.878,-0.043,0.679,-0.461,0.0946066650209331,1.756,0.16539079396578,0.569476082004556,0.494859378865837,0.191178886490464
"Chrysallis","caniceps","Bradybaenidae","L","SHIN",1.466,3.427,-0.15,0.389,-0.307,0.0608827505098961,6.854,0.416519128362376,0.145900204260286,0.14437168515487,0.421708387240795
"Chrysallis","virgata","Bradybaenidae","L","SHIN",1.573,2.973,-0.152,0.559,-0.536,0.0720947420663418,5.946,0.427565607870242,0.168180289270098,0.165851127089545,0.434695520805337
"Chrysallis","virgata","Bradybaenidae","L","SHIN",1.392,3.815,-0.329,0.482,-0.106,0.0526391544642652,7.63,0.401081458544049,0.131061598951507,0.129950263907016,0.405071547233873
"Chrysallis","virgata","Bradybaenidae","L","SPMN",1.454,3.607,-0.406,0.508,-0.531,0.0595746203257138,7.214,0.429010676843078,0.138619351261436,0.137306434432106,0.433880761466949
"Euhadra","aomoriensis","Bradybaenidae","L","SHIN",1.941,0.691,0.048,0.662,-0.145,0.105552084136219,1.382,0.145067104778422,0.723589001447178,0.586218036891426,0.180056015840004
"Euhadra","aomoriensis","Bradybaenidae","L","SHIN",1.91,0.827,0.075,0.644,-0.075,0.102989679664408,1.654,0.16944864040487,0.60459492140266,0.517384094880534,0.199058457118185
"Euhadra","aomoriensis","Bradybaenidae","L","SHIN",1.868,0.739,0.056,0.696,-0.236,0.0994508850618546,1.478,0.146266863202046,0.6765899864682,0.560377209712332,0.177471323491024
"Euhadra","aomoriensis","Bradybaenidae","L","SHIN",1.99,0.808,0.057,0.655,-0.423,0.109520029267654,1.616,0.17593238985555,0.618811881188119,0.526209683647903,0.208130014842022
"Euhadra","herklotsi herklotsi","Bradybaenidae","L","SPMN",1.851,0.805,0.089,0.839,-0.391,0.0979958418364314,1.61,0.157021155198871,0.62111801242236,0.527625517089336,0.185729913854487
"Euhadra","quaesita","Bradybaenidae","L","SHIN",1.802,1.041,0.028,0.46,-0.581,0.0937258938572499,2.082,0.194285820819016,0.48030739673391,0.432956258899103,0.216478898112181
"Euhadra","quaesita","Bradybaenidae","L","SHIN",2.087,0.814,0.067,0.705,-0.454,0.117094688780605,1.628,0.189336559892794,0.614250614250614,0.523396391230166,0.223720856204972
"Euhadra","quaesita","Bradybaenidae","L","SHIN",2.158,0.55,0.102,0.417,-0.317,0.122419096243592,1.1,0.133663163327851,0.909090909090909,0.672672793996313,0.181989070074184
"Euhadra","sandai communis","Bradybaenidae","L","SPMN",2.007,0.664,0.096,0.803,-0.331,0.110873869821756,1.328,0.146343743742868,0.753012048192771,0.601538827798124,0.184317062670085
"Euhadra","scaebola","Bradybaenidae","L","SPMN",1.716,0.563,0.162,0.994,-0.213,0.0859430328194738,1.126,0.0964164342805769,0.88809946714032,0.664034046929009,0.129425641978659
"Helicostyla","marinduquensis","Bradybaenidae","L","SPMN",1.767,1.852,-0.281,0.687,-0.035,0.0906042342388117,3.704,0.334229023282063,0.269978401727862,0.260646417329394,0.347613579987596
"Helicostyla","mirabilis","Bradybaenidae","L","SPMN",2.284,1.214,-0.143,0.715,-0.242,0.131450570278423,2.428,0.316439772367561,0.411861614497529,0.380826419913457,0.345171877277567
"Trishoplita","pallens","Bradybaenidae","L","SHIN",1.774,0.693,0.117,0.671,-0.116,0.0912334836332726,1.386,0.125926616197122,0.721500721500722,0.585105955870073,0.15592643130355
"Amphidromus","atricallosus","Camaenidae","L","SHIN",1.585,2.616,-0.277,0.446,-0.432,0.0733042851375002,5.232,0.382501706775017,0.191131498470948,0.187733192120753,0.390470562554275
"Amphidromus","perversus","Camaenidae","L","SHIN",1.496,2.724,-0.115,0.422,-0.28,0.0641067961328508,5.448,0.348538368842432,0.183553597650514,0.180537464824884,0.355088602773018
"Amphidromus","perversus","Camaenidae","L","SHIN",NA,2.429,-0.274,0.441,-0.533,NA,4.858,NA,0.205846027171676,0.201618787574873,NA
"Helicostyla","horida","Camaenidae","L","SHIN",1.595,2.235,-0.215,0.79,0.299,0.0743052629218697,4.47,0.331231374690418,0.223713646532438,0.218317195164694,0.340354605901819
"Papuia","hindei","Camaenidae","L","SPMN",1.591,2.895,-0.272,0.65,0.144,0.0739056269476945,5.79,0.42674970480623,0.172711571675302,0.170191872701256,0.434248861444892
"Papuina","chapmani","Camaenidae","L","SPMN",1.764,1.857,-0.198,0.901,0.088,0.0903337924692497,3.714,0.334139155005652,0.269251480883145,0.25999212111015,0.347448192212633
"Papuina","malantanensis","Camaenidae","L","SPMN",1.633,1.703,-0.131,1.043,0.171,0.0780525784315072,3.406,0.265040966080168,0.293599530240752,0.281708739488875,0.277068359941987
"Papuina","melanesia","Camaenidae","L","SPMN",1.822,1.405,0.043,0.955,-0.306,0.0954825887678724,2.81,0.267091311188259,0.355871886120996,0.335274228586425,0.28478952638395
"Phoenicobius","aratus","Camaenidae","L","SHIN",1.435,2.643,-0.077,0.651,-0.598,0.0574811710230627,5.286,0.303344744882374,0.189178963299281,0.185881967626395,0.309234788920431
"Pleurodonte","lamarckii","Camaenidae","L","UMUT",1.615,0.819,-0.194,1.075,-0.085,0.0762885277515052,1.638,0.124598556444868,0.610500610500611,0.52107057169803,0.146407285107085
"Satsuma","ferruginea","Camaenidae","L","SHIN",1.648,1.082,-0.052,0.77,-0.026,0.0795078303542069,2.164,0.171513687461588,0.462107208872458,0.419483753959654,0.189537329166397
"Satsuma","japonica","Camaenidae","L","SHIN",1.555,1.327,-0.112,0.938,-0.327,0.0702630153413967,2.654,0.186019429197322,0.376789751318764,0.352591335414128,0.199276069160551
"Satsuma","largillierti","Camaenidae","L","UMUT",1.637,1.252,-0.143,0.699,-0.403,0.078441948517071,2.504,0.195817117977646,0.399361022364217,0.370879062656353,0.211502768463782
"Spaherospira","appendiculata","Camaenidae","L","SHIN",1.798,1.28,-0.102,0.91,-0.527,0.0933722160603881,2.56,0.237997648718036,0.390625,0.363850527140476,0.256622456463664
"Sphaerospira","mattea","Camaenidae","L","SHIN",1.624,1.21,-0.133,0.86,-0.477,0.0771729971397495,2.42,0.186204988345781,0.413223140495868,0.381901994831326,0.202075396788211
"Sphaerospira","mattea","Camaenidae","L","SHIN",1.699,0.889,-0.089,0.923,-0.36,0.0843584609997315,1.778,0.149458486976131,0.562429696287964,0.490214690357422,0.17208472666991
"Xanthomelon","pachystylum","Camaenidae","L","SPMN",2.233,1.163,-0.14,0.765,-0.074,0.127856482593322,2.326,0.294992787907786,0.429922613929493,0.39496774965237,0.323713727781203
"Micrarionta","kelletti","Helminthoglyptidae","L","UMUT",1.946,0.858,-0.082,0.847,-0.698,0.10596153880788,1.716,0.180817737041309,0.582750582750583,0.503495312974884,0.210451887191979
"Helicigona","faustina","Hygromiidae","L","SPMN",1.832,0.637,0.145,0.852,-0.244,0.0963537181626903,1.274,0.122188744809661,0.784929356357928,0.617439718281933,0.156053644282556
"Pachymelania","aurita","Hemisinidae","F","NHMIC",1.340162,3.509003,-0.018955,0.059678,-0.545985,0.0465990557119765,7.018006,0.32667795890062,0.142490616280465,0.141065742945708,0.330335733813922
"Melanopsis","praemorsa","Melanopsidae","F","NHMIC",1.70923,2.710332,-0.199985,0.074002,-0.167731,0.0853138894522692,5.420664,0.460784070359501,0.184479244609147,0.181418009619805,0.470261412475312
"Microcolpia","parreyssii","Melanopsidae","F","NHMIC",1.554293,3.10056,-0.100602,0.246831,-0.78706,0.0701906371211998,6.20112,0.434192304644983,0.161261191526692,0.159204408450797,0.440883753183837
"Brotia","swinhoei","Pachychilidae","F","NHMIC",1.322716,4.947418,-0.029974,0.313189,0.26164,0.0445136001522121,9.894836,0.440019048807711,0.101062817008791,0.100550624923392,0.442698393830237
"Doryssa","lamarckiana","Pachychilidae","F","NHMIC",1.169884,6.690304,-0.013095,-0.077732,-0.128565,0.0249721424602915,13.380608,0.334038310949494,0.0747350195148083,0.0745271801312899,0.335074296602926
"Bridouxia","giraudi","Paludomidae","F","NHMIC",1.664301,2.48446,-0.101274,0.327462,-0.248633,0.0810743580778199,4.96892,0.40153450727461,0.201250976067234,0.197295211632079,0.410929172619807
"Chytra","kirki","Paludomidae","F","NHMIC",1.891968,0.986479,0.124208,0.843831,0.153715,0.101479986025373,1.972958,0.199192715401341,0.506853161597966,0.452097155659792,0.224464995532372
"Lavigeria","grandis","Paludomidae","F","NHMIC",1.804668,1.914825,-0.032439,0.380238,-0.03348,0.0939613607566835,3.82965,0.358261103963207,0.261120467927879,0.252649185016014,0.371904468050146
"Lavigeria","grandis","Paludomidae","F","NHMIC",1.796777,1.80285,0.025239,0.460521,0.268077,0.0932639219976903,3.6057,0.334828679835268,0.277338658235571,0.267251005535931,0.348975008758766
"Lavigeria","nassa","Paludomidae","F","NHMIC",1.842639,1.915838,0.024096,0.279929,0.031109,0.0972753075600626,3.831676,0.370976414467302,0.260982400390847,0.252524117501203,0.385211949348161
"Paramelania","iridescens","Paludomidae","F","NHMIC",1.469509,2.651863,-0.027439,-0.047831,0.118884,0.0612632466768709,5.303726,0.324315436250954,0.188546693400074,0.185282078599189,0.330648528665302
"Reymondia","horei","Paludomidae","F","NHMIC",1.624396,3.031522,-0.009042,0.135126,0.016307,0.0772118011265643,6.063044,0.466749314128712,0.164933653788427,0.162735055813307,0.474463235598993
"Reymondia","tanganyicensis","Paludomidae","F","NHMIC",1.47611,3.290996,-0.07032,0.286841,-0.037517,0.0619765660423331,6.581992,0.407148064179185,0.151929689370634,0.150206004566938,0.412610442711788
"Spekia","zonata","Paludomidae","F","NHMIC",7.392196,1.250839,-0.833961,0.890482,1.480136,0.318377503024391,2.501678,0.758941492630409,0.399731700082904,0.371175896365083,0.857753712302589
"Stanleya","neritinoides","Paludomidae","F","NHMIC",2.61207,1.741156,-0.015196,0.29842,0.240625,0.152811506187062,3.482312,0.526031014916327,0.287165538297545,0.276010485117864,0.55364384480469
"Syrnolopsis","gracilis","Paludomidae","F","NHMIC",1.309869,4.785953,-0.113025,0.561784,-0.02029,0.042960237366275,9.571906,0.410832416112243,0.104472400794575,0.103906894665514,0.413449343323829
"Tanganyicia","rufofilosa","Paludomidae","F","NHMIC",2.084682,1.745506,0.044124,0.277822,-0.088189,0.116917819500514,3.491012,0.405400051934605,0.286449889029313,0.275374856256749,0.424576960619469
"Tiphobia","horei","Paludomidae","F","NHMIC",1.818696,1.208336,-0.024899,0.226108,0.156512,0.0951937164883211,2.416672,0.229016672750746,0.413792190251718,0.382351072275838,0.248969398520859
"Paludomus","petrosa","Paludomidae","F","NHMIC",2.313977,1.872432,-0.014671,0.408959,0.073984,0.133525854834287,3.744864,0.495637290507308,0.267032394233809,0.25799252341042,0.517557071302686
"Elimia","floridensis","Pleuroceridae","F","NHMIC",1.483713,3.782416,-0.007129,0.304722,0.118625,0.0627942214857925,7.564832,0.474093952398901,0.132190642171564,0.131050588070548,0.479160165629999
"Io","fluvialis","Pleuroceridae","F","NHMIC",1.7169,1.803609,-0.009152,0.111605,-0.173536,0.0860264838096363,3.607218,0.309174358630744,0.277221947772494,0.267146568104157,0.322019797671875
"Lithasia","armigera","Pleuroceridae","F","NHMIC",1.533238,3.032124,-0.121684,0.344563,-0.125521,0.0680199322615336,6.064248,0.411538801248075,0.164900907746517,0.162703601678063,0.418060396696828
"Melanoides","polymorpha","Thiaridae","F","NHMIC",1.41795,4.459957,-0.059572,0.450503,0.011943,0.0555788424954351,8.919914,0.49499456375389,0.112108704187058,0.111410764940239,0.498864203340206
"Melanoides","tuberculata","Thiaridae","F","NHMIC",1.280651,6.303679,-0.148481,0.259934,-0.03037,0.0393699262870538,12.607358,0.495966532108115,0.0793187597274544,0.0790704153267939,0.497909693838586
"Stenomelania","hastula","Thiaridae","F","NHMIC",1.251242,8.742946,-0.278206,0.346393,0.321751,0.035672457052054,17.485892,0.623368231907692,0.0571889612494461,0.0570956695665071,0.624783934103819
"Stenomelania","sp.","Thiaridae","F","NHMIC",1.24597,9.150219,-0.224459,0.197396,0.515368,0.0350004547498491,18.300438,0.640131681285519,0.0546435008823286,0.0545621027750809,0.641479213037848
"Stenomelania","sp.","Thiaridae","F","NHMIC",1.281974,6.914552,-0.446795,0.276518,0.110281,0.0395342593505475,13.829104,0.546296631552526,0.072311264706665,0.0721229480320825,0.548150906601343
"Stenomelania","crenulata","Thiaridae","F","NHMIC",1.336203,5.372198,-0.220945,0.217009,-0.063649,0.046128197006766,10.744396,0.495093163075539,0.0930717743463662,0.0926712641142581,0.497761603315271
"Gen.","Gen. et sp. indet.","Thiaridae","F","NHMIC",1.551364,3.016119,-0.131486,0.218948,-0.007042,0.0698904333533468,6.032238,0.420569806286967,0.165775952474024,0.163543953124202,0.427349541320363
"Lanistes","nsendweensis","Ampullariidae","F","NHMIC",2.124241,1.477435,0.018998,0.246119,0.255251,0.119909651756121,2.95487,0.351797330958306,0.338424363846802,0.320564580589635,0.374057706361583
"Lanistes","nsendweensis","Ampullariidae","F","NHMIC",2.364828,1.04097,0.103285,0.390211,0.073807,0.136985501771357,2.08194,0.282556823865894,0.480321238844539,0.432966397383544,0.316388298489613
"Asolene","pulchella","Ampullariidae","F","NHMIC",1.982591,1.41543,0.016423,0.232337,-0.130661,0.108926371203904,2.83086,0.306542115582737,0.353249542541842,0.333078656250971,0.327028973966526
"Asolene","sp.","Ampullariidae","F","NHMIC",1.589191,3.210297,-0.031625,0.085487,0.032777,0.0737245615191674,6.420594,0.472074280650576,0.155748829469672,0.153893463210019,0.479062333002117
"Marisa","cornuarietis","Ampullariidae","F","NHMIC",2.02829,0.114979,0.338933,-0.217076,-0.551482,0.112553273373176,0.229958,0.0257201240118144,4.34862018281599,0.974564127134494,0.115490884837015
"Pomacea","linnaei","Ampullariidae","F","NHMIC",2.015003,1.204393,0.030435,0.106213,-0.234188,0.111507245127835,2.408786,0.266942653286562,0.415146883118716,0.383419066543485,0.290823422353694
"Gen.","Gen. et sp. indet.","Ampullariidae","F","NHMIC",2.23104,1.136151,0.008932,0.244073,-0.024339,0.127716724119605,2.272302,0.287872638390408,0.440082348208997,0.402801760312779,0.317070918509472
"Neothauma","tanganyicense","Viviparidae","F","NHMIC",1.670009,1.842239,0.027916,0.432546,-0.100179,0.0816192727993724,3.684478,0.29972772322683,0.271408867144817,0.261932920165526,0.311603721852884
"Neothauma","tanganyicense","Viviparidae","F","NHMIC",2.165899,1.407647,0.027738,0.399185,-0.181637,0.123000592848389,2.815294,0.343692702365927,0.355202689310601,0.334714456834206,0.367479176166312
"Neothauma","tanganyicense","Viviparidae","F","NHMIC",1.735545,1.907345,0.022365,0.361193,0.002083,0.0877455395881172,3.81469,0.333440866446702,0.262144499290899,0.253576401123807,0.346031961961933
"Callinina","georgiana","Viviparidae","F","NHMIC",2.1762,1.402208,-0.214575,0.592877,0.021657,0.123755738295075,2.804416,0.344435000811725,0.356580478787741,0.335866567487147,0.368466975504522
"Viviparus","contectus","Viviparidae","F","NHMIC",2.027495,1.685218,0.022717,0.440094,-0.010105,0.112490879443824,3.370436,0.376766961949412,0.296697519252702,0.284441916509895,0.395479262775642
"Bellamya","capillata","Viviparidae","F","NHMIC",1.979806,1.710375,0.05018,0.50021,0.142705,0.108702644712339,3.42075,0.369666944580021,0.292333552583498,0.280589859256072,0.387407602685792
"Bellamya","pagodiformis","Viviparidae","F","NHMIC",1.710589,2.287665,-0.010864,0.542189,0.166334,0.0854403824503182,4.57533,0.38949884792414,0.218563469738795,0.213522968622734,0.40014609670063
"Bellamya","unicolor","Viviparidae","F","NHMIC",1.760689,1.918008,-0.002725,0.444715,0.101033,0.0900347804590675,3.836016,0.343983462478617,0.260687129563589,0.252256606006582,0.356917433736971
"Neothauma","tanganyicense","Viviparidae","F","NHMIC",1.926842,1.9652,0.000219,0.43325,0.129071,0.104386924986339,3.9304,0.408065126351058,0.254427030327702,0.246571494984725,0.423353579426549
"Rissoa","splendida","Rissoidae","M","NHMIC",1.497939,2.690895,-0.03922,0.366881,0.38627,0.0643129469447423,5.38179,0.3454051871327,0.185811783811706,0.182684854509355,0.352043124305354
"Amnicola","limosus","Amnicolidae","F","NHMIC",1.949513,1.625838,0.120491,0.266999,-0.015072,0.10624859289634,3.251676,0.343552301168028,0.307533714921167,0.293947369528501,0.361454477605176
"Korotnewia","korotnevi","Amnicolidae","F","NHMIC",1.524219,2.830255,0.067796,0.317067,-0.158255,0.0670809672358817,5.66051,0.37886103255103,0.176662526874787,0.173968634292754,0.385592308111116
"Liobaicalia","stiedae","Amnicolidae","F","NHMIC",1.394939,5.522903,0.090955,0.435331,-0.049232,0.0529748321028103,11.045806,0.58433037995524,0.0905320987893505,0.0901633605999756,0.587542786230449
"Maackia","angarensis","Amnicolidae","F","NHMIC",1.459796,3.48098,-0.008657,0.411433,0.066921,0.0602077897492519,6.96196,0.418406552673904,0.143637711219254,0.142178500692654,0.423466202385988
"Bithynia","leachii","Bithyniidae","F","NHMIC",2.045192,1.579675,0.135275,0.214774,-0.270775,0.11387403643827,3.15935,0.357457771651051,0.316520803329799,0.301765312580719,0.377359595986731
"Bithynia","rubens","Bithyniidae","F","NHMIC",1.425545,2.182143,0.058977,0.4933,-0.057062,0.0564290530056658,4.364286,0.245881364770592,0.229132554557607,0.223344564883206,0.252654695381437
"Bithynia","sp.","Bithyniidae","F","NHMIC",1.573991,2.230456,-0.03733,0.314253,0.042208,0.0721949791206057,4.460912,0.321219420370772,0.224169407511289,0.21874070182566,0.330048219275379
"Bithynia","sp.","Bithyniidae","F","NHMIC",1.612135,2.763647,-0.034551,0.394088,0.089868,0.0760059371367629,5.527294,0.418898933595332,0.18092035632626,0.178030159310624,0.426927310693178
"Bithynia","tentaculata","Bithyniidae","F","NHMIC",1.766956,2.230764,0.016465,0.467245,0.107623,0.0906002710782651,4.461528,0.402566806373853,0.224138456600519,0.218711945227521,0.414244731736145
"Wattebledia","crosseana","Bithyniidae","F","NHMIC",1.566341,2.859756,-0.019776,0.256557,0.030779,0.0714195593732156,5.719512,0.407447204735335,0.17484009125254,0.17222749109543,0.414681529173776
"Heleobia","isabelleana","Cochliopidae","F","NHMIC",1.368941,4.342658,0.08177,0.21322,-0.062225,0.0499806122011963,8.685316,0.433556223533982,0.115136858578318,0.114381207631874,0.436965243119785
"Emmericia","expansilabris","Emmericiidae","F","NHMIC",1.582428,2.438814,0.008086,0.279702,0.081937,0.0730458125827317,4.877628,0.355343560263499,0.205017684825493,0.200840245967858,0.363701071121084
"Caspiohydrobia","oviformis","Hydrobiidae","F","NHMIC",1.731414,2.180082,0.021888,-0.040178,-0.155795,0.0873662623130984,4.360164,0.379485703545698,0.229349171269705,0.223545163070653,0.390821528468884
"Laevicaspia","caspia","Hydrobiidae","F","NHMIC",1.32937,4.974744,-0.062567,-0.031579,-0.124077,0.0453122312776621,9.949488,0.450371387547115,0.10050768441552,0.100003844490618,0.453104893201511
"Laevicaspia","conus","Hydrobiidae","F","NHMIC",1.400382,3.486863,0.020438,0.339444,-0.350518,0.0535946403109491,6.973726,0.37321870695949,0.143395367125121,0.141943455697289,0.377577395503503
"Turricaspia","basalis","Hydrobiidae","F","NHMIC",1.236337,5.980014,-0.164793,0.335333,-0.013157,0.0337651947574252,11.960028,0.403602668906449,0.0836118443869864,0.0833211051917939,0.405241801338356
"Turricaspia","dimidiata","Hydrobiidae","F","NHMIC",1.258551,5.565395,-0.010383,0.209622,-0.007575,0.0365994392912814,11.13079,0.407108099609344,0.0898408828124509,0.0894804928432517,0.409021431692322
"Turricaspia","eulimellula","Hydrobiidae","F","NHMIC",1.190913,7.496161,0.095304,0.598952,0.037281,0.0278075898297078,14.992322,0.416739247583802,0.0667008085872222,0.0665529259742161,0.417826705928466
"Turricaspia","lyrata","Hydrobiidae","F","NHMIC",1.284662,5.385903,0.042098,0.119876,-0.188643,0.0398676207180642,10.771806,0.429105395564203,0.0928349433697562,0.0924374697644916,0.431292860131691
"Fluviocingula","elegantula","Iravadiidae","F","NHMIC",1.794614,2.661448,-0.064706,0.219183,-0.139088,0.0930722123322534,5.322896,0.493281802454122,0.187867657004758,0.184637587406168,0.504080526829632
"Rehderiella","parva","Iravadiidae","F","NHMIC",1.595691,2.658618,0.007073,0.148973,-0.176971,0.0743741985019029,5.317236,0.394375920541357,0.188067635139761,0.184827416668126,0.402398084887202
"Wakauraia","sakaguchii","Iravadiidae","F","NHMIC",1.485468,3.405396,0.019959,0.265673,-0.133839,0.0629823655953326,6.810792,0.428111520370549,0.146825802344279,0.145268317729066,0.433558855639799
"Benedictia","limnaeoides","Lithoglyphidae","F","NHMIC",2.12555,1.695009,-0.118694,0.364148,-0.078306,0.120007696025638,3.390018,0.40392997858021,0.294983684452413,0.282930751130908,0.424159252912426
"Lithoglyphus","naticoides","Lithoglyphidae","F","NHMIC",2.65197,1.368473,-0.204691,0.690066,-0.009154,0.155224255271923,2.736946,0.419812902625163,0.365370745349013,0.343181459622,0.452309560787158
"Lacunopsis","conica","Pomatiopsidae","F","NHMIC",2.725106,1.333237,-0.402003,0.746453,-0.07295,0.159553996488962,2.666474,0.420132435800126,0.375027095707665,0.351145683922781,0.454381197873554
"Potamopyrgus","antipodarum","Tateidae","F","NHMIC",1.66882,2.770636,-0.00479,0.210652,0.043878,0.0815059185453296,5.541272,0.450153705475246,0.180463980111426,0.17759525522915,0.458941982656929
"Potamopyrgus","antipodarum","Tateidae","F","NHMIC",1.613457,2.034962,0.011872,0.122698,-0.008532,0.0761363955744997,4.069924,0.308975111806665,0.245704833800336,0.238607893806742,0.319085820505862
"Coxiella","striata","Tomichiidae","M","NHMIC",1.237817,5.395799,0.028405,0.022677,-0.078063,0.033955602746476,10.791598,0.366224150406428,0.0926646822833838,0.0922693823022795,0.368005094422716
"Kobeltocochlea","martensiana","Benedictiidae","F","NHMIC",2.137924,1.409796,-0.064071,0.412128,-0.082764,0.120931538317418,2.819592,0.338511313581586,0.354661241768313,0.334261285662225,0.36178745043068
"Clessiniola","variabilis","Hydrobiidae","F","NHMIC",1.617994,2.708858,-0.005693,0.189149,0.19479,0.076583307163925,5.417716,0.413695220316146,0.18457962728205,0.181513474964642,0.421915272014065
"Bulinus","globosus","Bulinidae","F","NHMIC",2.234413,1.674631,-0.044623,0.289706,0.012195,0.127957160968967,3.349262,0.425096129288629,0.29857323792525,0.286093395263507,0.447256606015359
"Bulinus","tropicus","Bulinidae","F","NHMIC",2.704159,1.562753,-0.144032,0.340257,-0.30532,0.158325898344968,3.125506,0.488760558642917,0.319948193988429,0.304730968024183,0.51955959504714
"Ampullaceana","balthica","Lymnaeidae","F","NHMIC",2.872159,1.601216,-0.113296,0.290505,-0.073551,0.167918652751648,3.202432,0.530323363641544,0.312262680362924,0.298068608126581,0.563355711314416
"Ampullaceana","balthica","Lymnaeidae","F","NHMIC",3.304256,1.460036,-0.148898,0.279753,0.030189,0.190223791924716,2.920072,0.545682121529498,0.342457309271826,0.323985824755387,0.587136156553568
"Radix","auricularia","Lymnaeidae","F","NHMIC",3.492795,1.111871,-0.13026,0.301591,-0.030146,0.19905544944968,2.223742,0.434130717220298,0.4496924553298,0.410131409126537,0.485345538088904
"Radix","auricularia","Lymnaeidae","F","NHMIC",3.618078,1.160851,-0.10224,0.312257,-0.114122,0.204664176328464,2.321702,0.465519533834145,0.430718498756516,0.395584594677698,0.517371452483416
"Galba","truncatula","Lymnaeidae","F","NHMIC",1.884953,2.099078,-0.129975,0.319092,-0.300173,0.100888777890695,4.198156,0.421407599795979,0.238199819158697,0.231716803011626,0.435396900783383
"Ladislavella","elodes","Lymnaeidae","F","NHMIC",1.813259,2.715984,-0.189542,0.442898,-0.134416,0.0947172094435017,5.431968,0.512208380636212,0.18409534076784,0.181052864327032,0.523146705220947
"Ladislavella","exilis","Lymnaeidae","F","NHMIC",1.802337,4.15346,-0.439459,0.406672,0.314876,0.0937556553451343,8.30692,0.77542016570938,0.120381561397004,0.119518660876993,0.784443656389576
"Lymnaea","stagnalis","Lymnaeidae","F","NHMIC",2.004617,2.406068,-0.123064,0.446542,-0.227162,0.110684785831935,4.812136,0.529397259174161,0.207807925628037,0.203461208901441,0.544009280341748
"Lymnaea","stagnalis","Lymnaeidae","F","NHMIC",2.197401,2.592566,-0.440574,0.359333,-0.070917,0.125298755309385,5.185132,0.644649863323551,0.192859121040699,0.189369508125107,0.661662780613058
"Physella","gyrina","Physidae","F","NHMIC",1.998135,1.817348,-0.242127,0.256268,-0.380506,0.110169318851757,3.634696,0.398023804748915,0.275126172862875,0.265269580678335,0.41531078900957
"Glyptophysa","gibbosa","Planorbidae","F","NHMIC",1.73027,1.780981,-0.075791,0.324421,-0.142,0.0872610688514621,3.561962,0.309643955945815,0.280744151678204,0.270294227718255,0.322837337623133
"Anisus","leucostoma","Planorbidae","F","NHMIC",1.56359,0.629232,0.750314,-0.160914,-0.12763,0.0711397862017355,1.258464,0.0893011743031228,0.794619472626948,0.622123058301562,0.114350023283098
"Anisus","vortex","Planorbidae","F","NHMIC",1.73866,0.469717,0.620737,-0.762461,-0.793245,0.0880309388553346,0.939434,0.0823806707504603,1.0644707345061,0.728833501658434,0.120783332071074
"Gyraulus","acronicus","Planorbidae","F","NHMIC",2.09454,0.145298,0.273605,-0.678662,-0.976458,0.117668654148152,0.290596,0.0339597466007014,3.44120359536952,0.960275895182623,0.122536298930813
"Gyraulus","acronicus","Planorbidae","F","NHMIC",2.70023,0.483779,0.258914,-0.419558,-0.387059,0.158094486475254,0.967558,0.151089087757078,1.03352977289217,0.718668197300349,0.219982583157471
"Gyraulus","trapezoides","Planorbidae","F","NHMIC",3.794996,0.788207,0.11726,0.859619,-0.238371,0.212262298758663,1.576414,0.327320732018354,0.634351128574093,0.535665351310642,0.3962591536662
"Planorbis","planorbis","Planorbidae","F","NHMIC",2.21494,0.935694,0.380919,-0.435286,-0.789171,0.126564039769035,1.871388,0.23497592629006,0.534362729695819,0.471294928841607,0.268545303638459
"Megalovalvata","baicalensis","Valvatidae","F","NHMIC",2.885224,0.621227,0.330317,0.2653,0.009396,0.1686409819421,1.242454,0.206611270046951,0.804858771431377,0.627000291708154,0.268964758345912
